No.,Time,Source,Destination,Protocol,Length,time 2,Time 1,delay 1,delay 2,Jitler
1,0,192.168.100.221,74.125.200.136,UDP,900,0.013126,0,0.013126,-0.013126,-0.026252
2,0.013126,192.168.100.221,74.125.200.136,UDP,674,0.033451,0.013126,0.020325,-0.007199,-0.027524
3,0.033451,192.168.100.221,192.168.100.1,DNS,80,0.043497,0.033451,0.010046,0.023405,0.013359
4,0.043497,74.125.200.136,192.168.100.221,UDP,117,0.043498,0.043497,1E-06,0.043496,0.043495
5,0.043498,74.125.200.136,192.168.100.221,UDP,68,0.053396,0.043498,0.009898,0.0336,0.023702
6,0.053396,192.168.100.1,192.168.100.221,DNS,96,0.054996,0.053396,0.0016,0.051796,0.050196
7,0.054996,74.125.200.136,192.168.100.221,UDP,92,0.054996,0.054996,0,0.054996,0.054996
8,0.054996,74.125.200.136,192.168.100.221,UDP,68,0.061299,0.054996,0.006303,0.048693,0.04239
9,0.061299,192.168.100.221,74.125.200.136,UDP,1392,0.062218,0.061299,0.000919,0.06038,0.059461
10,0.062218,192.168.100.221,192.168.100.1,DNS,77,0.065139,0.062218,0.002921,0.059297,0.056376
11,0.065139,192.168.100.221,74.125.200.136,UDP,1392,0.065395,0.065139,0.000256,0.064883,0.064627
12,0.065395,192.168.100.221,74.125.200.136,UDP,1392,0.065561,0.065395,0.000166,0.065229,0.065063
13,0.065561,192.168.100.221,74.125.200.136,UDP,1392,0.06576,0.065561,0.000199,0.065362,0.065163
14,0.06576,192.168.100.221,74.125.200.136,UDP,1392,0.06591,0.06576,0.00015,0.06561,0.06546
15,0.06591,192.168.100.221,74.125.200.136,UDP,1392,0.066054,0.06591,0.000144,0.065766,0.065622
16,0.066054,192.168.100.221,74.125.200.136,UDP,1392,0.066206,0.066054,0.000152,0.065902,0.06575
17,0.066206,192.168.100.221,74.125.200.136,UDP,1392,0.066346,0.066206,0.00014,0.066066,0.065926
18,0.066346,192.168.100.221,74.125.200.136,UDP,1392,0.066481,0.066346,0.000135,0.066211,0.066076
19,0.066481,192.168.100.221,74.125.200.136,UDP,386,0.068386,0.066481,0.001905,0.064576,0.062671
20,0.068386,192.168.100.221,74.125.200.95,UDP,1392,0.081871,0.068386,0.013485,0.054901,0.041416
21,0.081871,192.168.100.1,192.168.100.221,DNS,129,0.084021,0.081871,0.00215,0.079721,0.077571
22,0.084021,192.168.100.221,74.125.200.94,TCP,66,0.100362,0.084021,0.016341,0.06768,0.051339
23,0.100362,74.125.200.136,192.168.100.221,UDP,68,0.107653,0.100362,0.007291,0.093071,0.08578
24,0.107653,192.168.100.221,74.125.200.136,UDP,458,0.107986,0.107653,0.000333,0.10732,0.106987
25,0.107986,74.125.200.136,192.168.100.221,UDP,68,0.11537,0.107986,0.007384,0.100602,0.093218
26,0.11537,74.125.200.94,192.168.100.221,TCP,66,0.115538,0.11537,0.000168,0.115202,0.115034
27,0.115538,192.168.100.221,74.125.200.94,TCP,54,0.116539,0.115538,0.001001,0.114537,0.113536
28,0.116539,192.168.100.221,74.125.200.94,TLSv1.3,637,0.123915,0.116539,0.007376,0.109163,0.101787
29,0.123915,74.125.200.95,192.168.100.221,UDP,1392,0.123917,0.123915,2E-06,0.123913,0.123911
30,0.123917,74.125.200.95,192.168.100.221,UDP,1392,0.124543,0.123917,0.000626,0.123291,0.122665
31,0.124543,74.125.200.136,192.168.100.221,UDP,68,0.124544,0.124543,1E-06,0.124542,0.124541
32,0.124544,74.125.200.136,192.168.100.221,UDP,439,0.124545,0.124544,1E-06,0.124543,0.124542
33,0.124545,74.125.200.136,192.168.100.221,UDP,257,0.126531,0.124545,0.001986,0.122559,0.120573
34,0.126531,192.168.100.221,74.125.200.95,UDP,83,0.128716,0.126531,0.002185,0.124346,0.122161
35,0.128716,192.168.100.221,74.125.200.95,UDP,1392,0.142479,0.128716,0.013763,0.114953,0.10119
36,0.142479,192.168.100.221,74.125.200.136,UDP,75,0.14782,0.142479,0.005341,0.137138,0.131797
37,0.14782,74.125.200.94,192.168.100.221,TCP,54,0.148666,0.14782,0.000846,0.146974,0.146128
38,0.148666,74.125.200.94,192.168.100.221,TLSv1.3,266,0.15172,0.148666,0.003054,0.145612,0.142558
39,0.15172,74.125.200.136,192.168.100.221,UDP,68,0.151736,0.15172,1.6E-05,0.151704,0.151688
40,0.151736,192.168.100.221,74.125.200.94,TLSv1.3,118,0.166932,0.151736,0.015196,0.13654,0.121344
41,0.166932,74.125.200.95,192.168.100.221,UDP,1392,0.167814,0.166932,0.000882,0.16605,0.165168
42,0.167814,192.168.100.221,74.125.200.95,UDP,75,0.183018,0.167814,0.015204,0.15261,0.137406
43,0.183018,74.125.200.94,192.168.100.221,TLSv1.3,634,0.224097,0.183018,0.041079,0.141939,0.10086
44,0.224097,192.168.100.221,74.125.200.94,TCP,54,0.224099,0.224097,2E-06,0.224095,0.224093
45,0.224099,74.125.200.136,192.168.100.221,UDP,1439,0.224101,0.224099,2E-06,0.224097,0.224095
46,0.224101,74.125.200.136,192.168.100.221,UDP,1439,0.224104,0.224101,3E-06,0.224098,0.224095
47,0.224104,74.125.200.136,192.168.100.221,UDP,1439,0.224105,0.224104,1E-06,0.224103,0.224102
48,0.224105,74.125.200.136,192.168.100.221,UDP,1439,0.224106,0.224105,1E-06,0.224104,0.224103
49,0.224106,74.125.200.136,192.168.100.221,UDP,1439,0.224107,0.224106,1E-06,0.224105,0.224104
50,0.224107,74.125.200.136,192.168.100.221,UDP,1439,0.224108,0.224107,1E-06,0.224106,0.224105
51,0.224108,74.125.200.136,192.168.100.221,UDP,1439,0.229766,0.224108,0.005658,0.21845,0.212792
52,0.229766,74.125.200.136,192.168.100.221,UDP,1439,0.229767,0.229766,1E-06,0.229765,0.229764
53,0.229767,74.125.200.136,192.168.100.221,UDP,1439,0.229768,0.229767,1E-06,0.229766,0.229765
54,0.229768,74.125.200.136,192.168.100.221,UDP,411,0.229768,0.229768,0,0.229768,0.229768
55,0.229768,74.125.200.136,192.168.100.221,UDP,1439,0.22977,0.229768,2E-06,0.229766,0.229764
56,0.22977,74.125.200.136,192.168.100.221,UDP,1439,0.22977,0.22977,0,0.22977,0.22977
57,0.22977,74.125.200.136,192.168.100.221,UDP,1439,0.229771,0.22977,1E-06,0.229769,0.229768
58,0.229771,74.125.200.136,192.168.100.221,UDP,1439,0.230998,0.229771,0.001227,0.228544,0.227317
59,0.230998,74.125.200.136,192.168.100.221,UDP,1439,0.231,0.230998,2E-06,0.230996,0.230994
60,0.231,74.125.200.136,192.168.100.221,UDP,484,0.231,0.231,0,0.231,0.231
61,0.231,74.125.200.136,192.168.100.221,UDP,321,0.234744,0.231,0.003744,0.227256,0.223512
62,0.234744,192.168.100.221,74.125.200.136,UDP,75,0.248846,0.234744,0.014102,0.220642,0.20654
63,0.248846,192.168.100.221,74.125.200.136,UDP,75,0.254544,0.248846,0.005698,0.243148,0.23745
64,0.254544,69.171.250.60,192.168.100.221,TLSv1.2,726,0.278581,0.254544,0.024037,0.230507,0.20647
65,0.278581,192.168.100.221,192.168.100.1,DNS,89,0.297501,0.278581,0.01892,0.259661,0.240741
66,0.297501,192.168.100.1,192.168.100.221,DNS,105,0.297559,0.297501,5.8E-05,0.297443,0.297385
67,0.297559,192.168.100.221,69.171.250.60,TCP,54,0.304277,0.297559,0.006718,0.290841,0.284123
68,0.304277,192.168.100.221,74.125.68.94,UDP,1392,0.304475,0.304277,0.000198,0.304079,0.303881
69,0.304475,192.168.100.221,74.125.68.94,UDP,363,0.345765,0.304475,0.04129,0.263185,0.221895
70,0.345765,192.168.100.221,239.255.255.250,SSDP,216,0.347578,0.345765,0.001813,0.343952,0.342139
71,0.347578,74.125.68.94,192.168.100.221,UDP,1392,0.347579,0.347578,1E-06,0.347577,0.347576
72,0.347579,74.125.68.94,192.168.100.221,UDP,1392,0.349897,0.347579,0.002318,0.345261,0.342943
73,0.349897,192.168.100.221,74.125.68.94,UDP,83,0.352477,0.349897,0.00258,0.347317,0.344737
74,0.352477,192.168.100.221,74.125.68.94,UDP,1392,0.352597,0.352477,0.00012,0.352357,0.352237
75,0.352597,192.168.100.221,74.125.68.94,UDP,363,0.392103,0.352597,0.039506,0.313091,0.273585
76,0.392103,74.125.68.94,192.168.100.221,UDP,1392,0.392105,0.392103,2E-06,0.392101,0.392099
77,0.392105,74.125.68.94,192.168.100.221,UDP,69,0.393052,0.392105,0.000947,0.391158,0.390211
78,0.393052,192.168.100.221,74.125.68.94,UDP,75,0.544068,0.393052,0.151016,0.242036,0.09102
79,0.544068,74.125.68.94,192.168.100.221,UDP,340,0.544069,0.544068,1E-06,0.544067,0.544066
80,0.544069,74.125.68.94,192.168.100.221,UDP,67,0.545005,0.544069,0.000936,0.543133,0.542197
81,0.545005,192.168.100.221,74.125.68.94,UDP,75,0.79619,0.545005,0.251185,0.29382,0.042635
82,0.79619,74.125.200.136,192.168.100.221,UDP,1439,0.796191,0.79619,1E-06,0.796189,0.796188
83,0.796191,74.125.200.136,192.168.100.221,UDP,1439,0.796192,0.796191,1E-06,0.79619,0.796189
84,0.796192,74.125.200.136,192.168.100.221,UDP,1439,0.796194,0.796192,2E-06,0.79619,0.796188
85,0.796194,74.125.200.136,192.168.100.221,UDP,1439,0.796195,0.796194,1E-06,0.796193,0.796192
86,0.796195,74.125.200.136,192.168.100.221,UDP,1439,0.796195,0.796195,0,0.796195,0.796195
87,0.796195,74.125.200.136,192.168.100.221,UDP,1439,0.796196,0.796195,1E-06,0.796194,0.796193
88,0.796196,74.125.200.136,192.168.100.221,UDP,1439,0.798459,0.796196,0.002263,0.793933,0.79167
89,0.798459,74.125.200.136,192.168.100.221,UDP,1439,0.798461,0.798459,2E-06,0.798457,0.798455
90,0.798461,74.125.200.136,192.168.100.221,UDP,1439,0.798462,0.798461,1E-06,0.79846,0.798459
91,0.798462,74.125.200.136,192.168.100.221,UDP,1439,0.798465,0.798462,3E-06,0.798459,0.798456
92,0.798465,74.125.200.136,192.168.100.221,UDP,1439,0.798466,0.798465,1E-06,0.798464,0.798463
93,0.798466,74.125.200.136,192.168.100.221,UDP,1329,0.798466,0.798466,0,0.798466,0.798466
94,0.798466,74.125.200.136,192.168.100.221,UDP,1439,0.798467,0.798466,1E-06,0.798465,0.798464
95,0.798467,74.125.200.136,192.168.100.221,UDP,1439,0.799082,0.798467,0.000615,0.797852,0.797237
96,0.799082,74.125.200.136,192.168.100.221,UDP,1439,0.799083,0.799082,1E-06,0.799081,0.79908
97,0.799083,74.125.200.136,192.168.100.221,UDP,1439,0.800343,0.799083,0.00126,0.797823,0.796563
98,0.800343,192.168.100.221,74.125.200.136,UDP,75,0.801147,0.800343,0.000804,0.799539,0.798735
99,0.801147,74.125.200.136,192.168.100.221,UDP,1439,0.80115,0.801147,3E-06,0.801144,0.801141
100,0.80115,74.125.200.136,192.168.100.221,UDP,1439,0.80115,0.80115,0,0.80115,0.80115
101,0.80115,74.125.200.136,192.168.100.221,UDP,1439,0.801151,0.80115,1E-06,0.801149,0.801148
102,0.801151,74.125.200.136,192.168.100.221,UDP,1439,0.802809,0.801151,0.001658,0.799493,0.797835
103,0.802809,192.168.100.221,74.125.200.136,UDP,75,0.805718,0.802809,0.002909,0.7999,0.796991
104,0.805718,74.125.200.136,192.168.100.221,UDP,1439,0.805719,0.805718,1E-06,0.805717,0.805716
105,0.805719,74.125.200.136,192.168.100.221,UDP,1439,0.80572,0.805719,1E-06,0.805718,0.805717
106,0.80572,74.125.200.136,192.168.100.221,UDP,1439,0.805721,0.80572,1E-06,0.805719,0.805718
107,0.805721,74.125.200.136,192.168.100.221,UDP,1439,0.806531,0.805721,0.00081,0.804911,0.804101
108,0.806531,74.125.200.136,192.168.100.221,UDP,1439,0.806534,0.806531,3E-06,0.806528,0.806525
109,0.806534,74.125.200.136,192.168.100.221,UDP,701,0.808549,0.806534,0.002015,0.804519,0.802504
110,0.808549,74.125.200.136,192.168.100.221,UDP,253,0.862041,0.808549,0.053492,0.755057,0.701565
111,0.862041,192.168.100.221,74.125.200.136,UDP,75,0.87912,0.862041,0.017079,0.844962,0.827883
112,0.87912,192.168.100.221,74.125.200.136,UDP,75,0.89419,0.87912,0.01507,0.86405,0.84898
113,0.89419,74.125.200.136,192.168.100.221,UDP,1439,0.912043,0.89419,0.017853,0.876337,0.858484
114,0.912043,192.168.100.221,74.125.200.136,UDP,75,1.022505,0.912043,0.110462,0.801581,0.691119
115,1.022505,192.168.100.221,74.125.24.119,UDP,1392,1.056672,1.022505,0.034167,0.988338,0.954171
116,1.056672,74.125.24.119,192.168.100.221,UDP,1392,1.065219,1.056672,0.008547,1.048125,1.039578
117,1.065219,192.168.100.221,74.125.200.94,TCP,66,1.078768,1.065219,0.013549,1.05167,1.038121
118,1.078768,192.168.100.221,74.125.24.119,UDP,495,1.080005,1.078768,0.001237,1.077531,1.076294
119,1.080005,192.168.100.221,74.125.24.119,UDP,75,1.096847,1.080005,0.016842,1.063163,1.046321
120,1.096847,74.125.200.94,192.168.100.221,TCP,66,1.096975,1.096847,0.000128,1.096719,1.096591
121,1.096975,192.168.100.221,74.125.200.94,TCP,54,1.120531,1.096975,0.023556,1.073419,1.049863
122,1.120531,192.168.100.221,74.125.200.94,TLSv1.3,637,1.121103,1.120531,0.000572,1.119959,1.119387
123,1.121103,74.125.24.119,192.168.100.221,UDP,290,1.152611,1.121103,0.031508,1.089595,1.058087
124,1.152611,192.168.100.221,74.125.24.119,UDP,75,1.158017,1.152611,0.005406,1.147205,1.141799
125,1.158017,74.125.200.94,192.168.100.221,TCP,54,1.158675,1.158017,0.000658,1.157359,1.156701
126,1.158675,74.125.200.94,192.168.100.221,TLSv1.3,266,1.162346,1.158675,0.003671,1.155004,1.151333
127,1.162346,192.168.100.221,74.125.200.94,TLSv1.3,118,1.193878,1.162346,0.031532,1.130814,1.099282
128,1.193878,74.125.200.94,192.168.100.221,TLSv1.3,634,1.239026,1.193878,0.045148,1.14873,1.103582
129,1.239026,192.168.100.221,74.125.200.94,TCP,54,1.341577,1.239026,0.102551,1.136475,1.033924
130,1.341577,192.168.100.221,74.125.200.94,TCP,54,1.342195,1.341577,0.000618,1.340959,1.340341
131,1.342195,192.168.100.221,74.125.200.94,TCP,54,1.349039,1.342195,0.006844,1.335351,1.328507
132,1.349039,192.168.100.221,239.255.255.250,SSDP,216,1.372616,1.349039,0.023577,1.325462,1.301885
133,1.372616,74.125.200.94,192.168.100.221,TCP,54,1.373061,1.372616,0.000445,1.372171,1.371726
134,1.373061,192.168.100.221,74.125.200.94,TCP,54,1.374032,1.373061,0.000971,1.37209,1.371119
135,1.374032,74.125.200.94,192.168.100.221,TCP,54,1.374408,1.374032,0.000376,1.373656,1.37328
136,1.374408,192.168.100.221,74.125.200.94,TCP,54,2.121962,1.374408,0.747554,0.626854,-0.1207
137,2.121962,Azurewav_7f:59:27,Broadcast,ARP,42,2.126588,2.121962,0.004626,2.117336,2.11271
138,2.126588,HuaweiTe_d5:d9:24,Azurewav_7f:59:27,ARP,42,2.352105,2.126588,0.225517,1.901071,1.675554
139,2.352105,192.168.100.221,239.255.255.250,SSDP,216,3.295599,2.352105,0.943494,1.408611,0.465117
140,3.295599,192.168.100.221,172.217.194.156,UDP,1392,3.297921,3.295599,0.002322,3.293277,3.290955
141,3.297921,192.168.100.221,172.217.194.156,UDP,686,3.330005,3.297921,0.032084,3.265837,3.233753
142,3.330005,172.217.194.156,192.168.100.221,UDP,1392,3.331407,3.330005,0.001402,3.328603,3.327201
143,3.331407,192.168.100.221,172.217.194.156,UDP,75,3.331566,3.331407,0.000159,3.331248,3.331089
144,3.331566,172.217.194.156,192.168.100.221,UDP,1110,3.331567,3.331566,1E-06,3.331565,3.331564
145,3.331567,172.217.194.156,192.168.100.221,UDP,99,3.353363,3.331567,0.021796,3.309771,3.287975
146,3.353363,192.168.100.221,239.255.255.250,SSDP,216,3.355485,3.353363,0.002122,3.351241,3.349119
147,3.355485,192.168.100.221,172.217.194.156,UDP,75,3.7859,3.355485,0.430415,2.92507,2.494655
148,3.7859,192.168.100.221,74.125.200.94,TCP,66,3.821838,3.7859,0.035938,3.749962,3.714024
149,3.821838,74.125.200.94,192.168.100.221,TCP,66,3.822114,3.821838,0.000276,3.821562,3.821286
150,3.822114,192.168.100.221,74.125.200.94,TCP,54,3.823362,3.822114,0.001248,3.820866,3.819618
151,3.823362,192.168.100.221,74.125.200.94,TLSv1.3,637,3.856193,3.823362,0.032831,3.790531,3.7577
152,3.856193,74.125.200.94,192.168.100.221,TCP,54,3.856513,3.856193,0.00032,3.855873,3.855553
153,3.856513,74.125.200.94,192.168.100.221,TLSv1.3,266,3.859838,3.856513,0.003325,3.853188,3.849863
154,3.859838,192.168.100.221,74.125.200.94,TLSv1.3,118,3.869944,3.859838,0.010106,3.849732,3.839626
155,3.869944,192.168.100.221,74.125.200.136,UDP,1229,3.891093,3.869944,0.021149,3.848795,3.827646
156,3.891093,74.125.200.94,192.168.100.221,TLSv1.3,634,3.914341,3.891093,0.023248,3.867845,3.844597
157,3.914341,74.125.200.136,192.168.100.221,UDP,68,3.936314,3.914341,0.021973,3.892368,3.870395
158,3.936314,192.168.100.221,74.125.200.94,TCP,54,3.968284,3.936314,0.03197,3.904344,3.872374
159,3.968284,74.125.200.136,192.168.100.221,UDP,1439,3.968288,3.968284,4E-06,3.96828,3.968276
160,3.968288,74.125.200.136,192.168.100.221,UDP,1439,3.968289,3.968288,1E-06,3.968287,3.968286
161,3.968289,74.125.200.136,192.168.100.221,UDP,1439,3.968293,3.968289,4E-06,3.968285,3.968281
162,3.968293,74.125.200.136,192.168.100.221,UDP,1439,3.968294,3.968293,1E-06,3.968292,3.968291
163,3.968294,74.125.200.136,192.168.100.221,UDP,1439,3.968294,3.968294,0,3.968294,3.968294
164,3.968294,74.125.200.136,192.168.100.221,UDP,1439,3.968295,3.968294,1E-06,3.968293,3.968292
165,3.968295,74.125.200.136,192.168.100.221,UDP,1439,3.970118,3.968295,0.001823,3.966472,3.964649
166,3.970118,74.125.200.136,192.168.100.221,UDP,1439,3.97012,3.970118,2E-06,3.970116,3.970114
167,3.97012,74.125.200.136,192.168.100.221,UDP,1439,3.97012,3.97012,0,3.97012,3.97012
168,3.97012,74.125.200.136,192.168.100.221,UDP,1439,3.970122,3.97012,2E-06,3.970118,3.970116
169,3.970122,74.125.200.136,192.168.100.221,UDP,1439,3.970122,3.970122,0,3.970122,3.970122
170,3.970122,74.125.200.136,192.168.100.221,UDP,445,3.970123,3.970122,1E-06,3.970121,3.97012
171,3.970123,74.125.200.136,192.168.100.221,UDP,256,3.998123,3.970123,0.028,3.942123,3.914123
172,3.998123,192.168.100.221,74.125.200.136,UDP,75,3.998256,3.998123,0.000133,3.99799,3.997857
173,3.998256,192.168.100.221,74.125.200.136,UDP,75,4.008395,3.998256,0.010139,3.988117,3.977978
174,4.008395,192.168.100.221,74.125.200.136,UDP,75,4.415456,4.008395,0.407061,3.601334,3.194273
175,4.415456,192.168.100.221,216.239.38.120,UDP,1392,4.418137,4.415456,0.002681,4.412775,4.410094
176,4.418137,192.168.100.221,216.239.38.120,UDP,1004,4.440497,4.418137,0.02236,4.395777,4.373417
177,4.440497,192.168.100.221,216.239.38.120,UDP,1392,4.442799,4.440497,0.002302,4.438195,4.435893
178,4.442799,192.168.100.221,216.239.38.120,UDP,1147,4.449121,4.442799,0.006322,4.436477,4.430155
179,4.449121,216.239.38.120,192.168.100.221,UDP,1392,4.454289,4.449121,0.005168,4.443953,4.438785
180,4.454289,216.239.38.120,192.168.100.221,UDP,556,4.45429,4.454289,1E-06,4.454288,4.454287
181,4.45429,216.239.38.120,192.168.100.221,UDP,67,4.455114,4.45429,0.000824,4.453466,4.452642
182,4.455114,192.168.100.221,216.239.38.120,UDP,75,4.45735,4.455114,0.002236,4.452878,4.450642
183,4.45735,192.168.100.221,216.239.38.120,UDP,75,4.474087,4.45735,0.016737,4.440613,4.423876
184,4.474087,216.239.38.120,192.168.100.221,UDP,1392,4.47409,4.474087,3E-06,4.474084,4.474081
185,4.47409,216.239.38.120,192.168.100.221,UDP,1392,4.492202,4.47409,0.018112,4.455978,4.437866
186,4.492202,192.168.100.221,216.239.38.120,UDP,1392,4.492459,4.492202,0.000257,4.491945,4.491688
187,4.492459,192.168.100.221,216.239.38.120,UDP,1147,4.525038,4.492459,0.032579,4.45988,4.427301
188,4.525038,216.239.38.120,192.168.100.221,UDP,86,4.525378,4.525038,0.00034,4.524698,4.524358
189,4.525378,216.239.38.120,192.168.100.221,UDP,1392,4.52538,4.525378,2E-06,4.525376,4.525374
190,4.52538,216.239.38.120,192.168.100.221,UDP,69,4.526727,4.52538,0.001347,4.524033,4.522686
191,4.526727,192.168.100.221,216.239.38.120,UDP,75,4.528936,4.526727,0.002209,4.524518,4.522309
192,4.528936,216.239.38.120,192.168.100.221,UDP,712,4.528937,4.528936,1E-06,4.528935,4.528934
193,4.528937,216.239.38.120,192.168.100.221,UDP,67,4.53066,4.528937,0.001723,4.527214,4.525491
194,4.53066,192.168.100.221,216.239.38.120,UDP,75,4.541904,4.53066,0.011244,4.519416,4.508172
195,4.541904,192.168.100.221,74.125.200.136,UDP,1392,4.542156,4.541904,0.000252,4.541652,4.5414
196,4.542156,192.168.100.221,74.125.200.136,UDP,119,4.588184,4.542156,0.046028,4.496128,4.4501
197,4.588184,74.125.200.136,192.168.100.221,UDP,68,4.61597,4.588184,0.027786,4.560398,4.532612
198,4.61597,74.125.200.136,192.168.100.221,UDP,1162,4.615972,4.61597,2E-06,4.615968,4.615966
199,4.615972,74.125.200.136,192.168.100.221,UDP,76,4.671788,4.615972,0.055816,4.560156,4.50434
200,4.671788,192.168.100.221,74.125.200.136,UDP,75,4.68772,4.671788,0.015932,4.655856,4.639924
201,4.68772,192.168.100.221,74.125.200.136,UDP,75,4.921561,4.68772,0.233841,4.453879,4.220038
202,4.921561,192.168.100.221,74.125.24.119,UDP,248,4.92424,4.921561,0.002679,4.918882,4.916203
203,4.92424,192.168.100.221,74.125.24.119,UDP,192,4.938433,4.92424,0.014193,4.910047,4.895854
204,4.938433,192.168.100.221,74.125.200.132,UDP,1392,4.957597,4.938433,0.019164,4.919269,4.900105
205,4.957597,74.125.24.119,192.168.100.221,UDP,1392,4.957597,4.957597,0,4.957597,4.957597
206,4.957597,74.125.24.119,192.168.100.221,UDP,1392,4.957598,4.957597,1E-06,4.957596,4.957595
207,4.957598,74.125.24.119,192.168.100.221,UDP,1392,4.957599,4.957598,1E-06,4.957597,4.957596
208,4.957599,74.125.24.119,192.168.100.221,UDP,1392,4.9576,4.957599,1E-06,4.957598,4.957597
209,4.9576,74.125.24.119,192.168.100.221,UDP,1392,4.9576,4.9576,0,4.9576,4.9576
210,4.9576,74.125.24.119,192.168.100.221,UDP,1392,4.957601,4.9576,1E-06,4.957599,4.957598
211,4.957601,74.125.24.119,192.168.100.221,UDP,1392,4.958059,4.957601,0.000458,4.957143,4.956685
212,4.958059,74.125.24.119,192.168.100.221,UDP,1392,4.958059,4.958059,0,4.958059,4.958059
213,4.958059,74.125.24.119,192.168.100.221,UDP,1392,4.95806,4.958059,1E-06,4.958058,4.958057
214,4.95806,74.125.24.119,192.168.100.221,UDP,1392,4.958061,4.95806,1E-06,4.958059,4.958058
215,4.958061,74.125.24.119,192.168.100.221,UDP,1392,4.958061,4.958061,0,4.958061,4.958061
216,4.958061,74.125.24.119,192.168.100.221,UDP,1392,4.958062,4.958061,1E-06,4.95806,4.958059
217,4.958062,74.125.24.119,192.168.100.221,UDP,1392,4.959463,4.958062,0.001401,4.956661,4.95526
218,4.959463,74.125.24.119,192.168.100.221,UDP,1392,4.960214,4.959463,0.000751,4.958712,4.957961
219,4.960214,192.168.100.221,74.125.24.119,UDP,75,4.960366,4.960214,0.000152,4.960062,4.95991
220,4.960366,192.168.100.221,74.125.24.119,UDP,75,4.960451,4.960366,8.5E-05,4.960281,4.960196
221,4.960451,192.168.100.221,74.125.24.119,UDP,75,4.960547,4.960451,9.6E-05,4.960355,4.960259
222,4.960547,192.168.100.221,74.125.24.119,UDP,75,4.960641,4.960547,9.4E-05,4.960453,4.960359
223,4.960641,192.168.100.221,74.125.24.119,UDP,75,4.960733,4.960641,9.2E-05,4.960549,4.960457
224,4.960733,192.168.100.221,74.125.24.119,UDP,75,4.960819,4.960733,8.6E-05,4.960647,4.960561
225,4.960819,74.125.24.119,192.168.100.221,UDP,1392,4.961353,4.960819,0.000534,4.960285,4.959751
226,4.961353,192.168.100.221,74.125.24.119,UDP,75,4.96287,4.961353,0.001517,4.959836,4.958319
227,4.96287,74.125.24.119,192.168.100.221,UDP,1392,4.962871,4.96287,1E-06,4.962869,4.962868
228,4.962871,74.125.24.119,192.168.100.221,UDP,1392,4.963833,4.962871,0.000962,4.961909,4.960947
229,4.963833,192.168.100.221,74.125.24.119,UDP,75,4.966246,4.963833,0.002413,4.96142,4.959007
230,4.966246,74.125.24.119,192.168.100.221,UDP,1392,4.966247,4.966246,1E-06,4.966245,4.966244
231,4.966247,74.125.24.119,192.168.100.221,UDP,1392,4.966941,4.966247,0.000694,4.965553,4.964859
232,4.966941,192.168.100.221,74.125.24.119,UDP,75,4.969069,4.966941,0.002128,4.964813,4.962685
233,4.969069,74.125.24.119,192.168.100.221,UDP,1392,4.969701,4.969069,0.000632,4.968437,4.967805
234,4.969701,192.168.100.221,74.125.24.119,UDP,75,4.970761,4.969701,0.00106,4.968641,4.967581
235,4.970761,74.125.24.119,192.168.100.221,UDP,1392,4.973765,4.970761,0.003004,4.967757,4.964753
236,4.973765,74.125.24.119,192.168.100.221,UDP,1392,4.973766,4.973765,1E-06,4.973764,4.973763
237,4.973766,74.125.24.119,192.168.100.221,UDP,1392,4.974435,4.973766,0.000669,4.973097,4.972428
238,4.974435,192.168.100.221,74.125.24.119,UDP,75,4.97514,4.974435,0.000705,4.97373,4.973025
239,4.97514,74.125.200.132,192.168.100.221,UDP,1392,4.975141,4.97514,1E-06,4.975139,4.975138
240,4.975141,74.125.24.119,192.168.100.221,UDP,1392,4.976264,4.975141,0.001123,4.974018,4.972895
241,4.976264,192.168.100.221,74.125.24.119,UDP,75,4.983454,4.976264,0.00719,4.969074,4.961884
242,4.983454,74.125.24.119,192.168.100.221,UDP,1392,4.984495,4.983454,0.001041,4.982413,4.981372
243,4.984495,74.125.24.119,192.168.100.221,UDP,1392,4.984497,4.984495,2E-06,4.984493,4.984491
244,4.984497,74.125.24.119,192.168.100.221,UDP,1392,4.984498,4.984497,1E-06,4.984496,4.984495
245,4.984498,74.125.24.119,192.168.100.221,UDP,1392,4.9845,4.984498,2E-06,4.984496,4.984494
246,4.9845,74.125.24.119,192.168.100.221,UDP,1392,4.986901,4.9845,0.002401,4.982099,4.979698
247,4.986901,192.168.100.221,74.125.24.119,UDP,75,4.988034,4.986901,0.001133,4.985768,4.984635
248,4.988034,192.168.100.221,74.125.24.119,UDP,75,4.988494,4.988034,0.00046,4.987574,4.987114
249,4.988494,74.125.24.119,192.168.100.221,UDP,1392,4.988791,4.988494,0.000297,4.988197,4.9879
250,4.988791,74.125.24.119,192.168.100.221,UDP,1392,4.988793,4.988791,2E-06,4.988789,4.988787
251,4.988793,74.125.24.119,192.168.100.221,UDP,1392,4.991768,4.988793,0.002975,4.985818,4.982843
252,4.991768,192.168.100.221,172.217.194.94,UDP,1392,4.991976,4.991768,0.000208,4.99156,4.991352
253,4.991976,192.168.100.221,74.125.24.119,UDP,75,4.9922,4.991976,0.000224,4.991752,4.991528
254,4.9922,192.168.100.221,74.125.24.119,UDP,75,4.993269,4.9922,0.001069,4.991131,4.990062
255,4.993269,74.125.24.119,192.168.100.221,UDP,1392,4.99327,4.993269,1E-06,4.993268,4.993267
256,4.99327,74.125.24.119,192.168.100.221,UDP,1392,4.994182,4.99327,0.000912,4.992358,4.991446
257,4.994182,192.168.100.221,74.125.24.119,UDP,75,4.99466,4.994182,0.000478,4.993704,4.993226
258,4.99466,192.168.100.221,172.217.194.94,UDP,638,4.994751,4.99466,9.1E-05,4.994569,4.994478
259,4.994751,74.125.24.119,192.168.100.221,UDP,1392,4.994753,4.994751,2E-06,4.994749,4.994747
260,4.994753,74.125.24.119,192.168.100.221,UDP,1392,4.995513,4.994753,0.00076,4.993993,4.993233
261,4.995513,192.168.100.221,74.125.24.119,UDP,75,5.000594,4.995513,0.005081,4.990432,4.985351
262,5.000594,74.125.24.119,192.168.100.221,UDP,1392,5.000595,5.000594,1E-06,5.000593,5.000592
263,5.000595,74.125.24.119,192.168.100.221,UDP,1392,5.000595,5.000595,0,5.000595,5.000595
264,5.000595,74.125.24.119,192.168.100.221,UDP,1392,5.000598,5.000595,3E-06,5.000592,5.000589
265,5.000598,74.125.24.119,192.168.100.221,UDP,1392,5.001086,5.000598,0.000488,5.00011,4.999622
266,5.001086,74.125.24.119,192.168.100.221,UDP,1392,5.001087,5.001086,1E-06,5.001085,5.001084
267,5.001087,74.125.24.119,192.168.100.221,UDP,1392,5.002486,5.001087,0.001399,4.999688,4.998289
268,5.002486,192.168.100.221,74.125.24.119,UDP,75,5.00263,5.002486,0.000144,5.002342,5.002198
269,5.00263,192.168.100.221,74.125.24.119,UDP,87,5.002885,5.00263,0.000255,5.002375,5.00212
270,5.002885,192.168.100.221,74.125.24.119,UDP,75,5.003431,5.002885,0.000546,5.002339,5.001793
271,5.003431,74.125.24.119,192.168.100.221,UDP,1392,5.003435,5.003431,4E-06,5.003427,5.003423
272,5.003435,74.125.24.119,192.168.100.221,UDP,1392,5.003811,5.003435,0.000376,5.003059,5.002683
273,5.003811,74.125.24.119,192.168.100.221,UDP,1392,5.003812,5.003811,1E-06,5.00381,5.003809
274,5.003812,74.125.24.119,192.168.100.221,UDP,1392,5.004545,5.003812,0.000733,5.003079,5.002346
275,5.004545,192.168.100.221,74.125.24.119,UDP,75,5.004961,5.004545,0.000416,5.004129,5.003713
276,5.004961,192.168.100.221,74.125.24.119,UDP,75,5.005344,5.004961,0.000383,5.004578,5.004195
277,5.005344,74.125.24.119,192.168.100.221,UDP,1392,5.006282,5.005344,0.000938,5.004406,5.003468
278,5.006282,74.125.24.119,192.168.100.221,UDP,1392,5.006638,5.006282,0.000356,5.005926,5.00557
279,5.006638,74.125.24.119,192.168.100.221,UDP,1392,5.00664,5.006638,2E-06,5.006636,5.006634
280,5.00664,74.125.24.119,192.168.100.221,UDP,1392,5.00729,5.00664,0.00065,5.00599,5.00534
281,5.00729,192.168.100.221,74.125.24.119,UDP,75,5.007675,5.00729,0.000385,5.006905,5.00652
282,5.007675,192.168.100.221,74.125.24.119,UDP,75,5.008061,5.007675,0.000386,5.007289,5.006903
283,5.008061,74.125.24.119,192.168.100.221,UDP,1392,5.008373,5.008061,0.000312,5.007749,5.007437
284,5.008373,74.125.24.119,192.168.100.221,UDP,1392,5.00901,5.008373,0.000637,5.007736,5.007099
285,5.00901,192.168.100.221,74.125.24.119,UDP,75,5.010352,5.00901,0.001342,5.007668,5.006326
286,5.010352,74.125.24.119,192.168.100.221,UDP,1392,5.010354,5.010352,2E-06,5.01035,5.010348
287,5.010354,74.125.24.119,192.168.100.221,UDP,1392,5.010996,5.010354,0.000642,5.009712,5.00907
288,5.010996,192.168.100.221,74.125.24.119,UDP,75,5.013071,5.010996,0.002075,5.008921,5.006846
289,5.013071,74.125.24.119,192.168.100.221,UDP,1392,5.013072,5.013071,1E-06,5.01307,5.013069
290,5.013072,74.125.24.119,192.168.100.221,UDP,1392,5.013073,5.013072,1E-06,5.013071,5.01307
291,5.013073,74.125.24.119,192.168.100.221,UDP,1392,5.013077,5.013073,4E-06,5.013069,5.013065
292,5.013077,74.125.24.119,192.168.100.221,UDP,1392,5.013872,5.013077,0.000795,5.012282,5.011487
293,5.013872,192.168.100.221,74.125.24.119,UDP,75,5.014209,5.013872,0.000337,5.013535,5.013198
294,5.014209,192.168.100.221,74.125.24.119,UDP,75,5.016398,5.014209,0.002189,5.01202,5.009831
295,5.016398,74.125.24.119,192.168.100.221,UDP,1392,5.016399,5.016398,1E-06,5.016397,5.016396
296,5.016399,74.125.24.119,192.168.100.221,UDP,1392,5.016399,5.016399,0,5.016399,5.016399
297,5.016399,74.125.24.119,192.168.100.221,UDP,1392,5.016401,5.016399,2E-06,5.016397,5.016395
298,5.016401,74.125.24.119,192.168.100.221,UDP,1392,5.017427,5.016401,0.001026,5.015375,5.014349
299,5.017427,192.168.100.221,74.125.24.119,UDP,75,5.0177,5.017427,0.000273,5.017154,5.016881
300,5.0177,192.168.100.221,74.125.24.119,UDP,75,5.018607,5.0177,0.000907,5.016793,5.015886
301,5.018607,74.125.24.119,192.168.100.221,UDP,1392,5.018607,5.018607,0,5.018607,5.018607
302,5.018607,74.125.24.119,192.168.100.221,UDP,1392,5.018608,5.018607,1E-06,5.018606,5.018605
303,5.018608,74.125.24.119,192.168.100.221,UDP,1392,5.018611,5.018608,3E-06,5.018605,5.018602
304,5.018611,74.125.24.119,192.168.100.221,UDP,1392,5.019695,5.018611,0.001084,5.017527,5.016443
305,5.019695,192.168.100.221,74.125.24.119,UDP,75,5.020277,5.019695,0.000582,5.019113,5.018531
306,5.020277,192.168.100.221,74.125.24.119,UDP,75,5.020798,5.020277,0.000521,5.019756,5.019235
307,5.020798,74.125.24.119,192.168.100.221,UDP,1392,5.020799,5.020798,1E-06,5.020797,5.020796
308,5.020799,74.125.24.119,192.168.100.221,UDP,1392,5.021642,5.020799,0.000843,5.019956,5.019113
309,5.021642,192.168.100.221,74.125.24.119,UDP,75,5.024492,5.021642,0.00285,5.018792,5.015942
310,5.024492,74.125.24.119,192.168.100.221,UDP,1392,5.024494,5.024492,2E-06,5.02449,5.024488
311,5.024494,74.125.24.119,192.168.100.221,UDP,1392,5.024495,5.024494,1E-06,5.024493,5.024492
312,5.024495,74.125.24.119,192.168.100.221,UDP,1392,5.024495,5.024495,0,5.024495,5.024495
313,5.024495,74.125.24.119,192.168.100.221,UDP,1392,5.025396,5.024495,0.000901,5.023594,5.022693
314,5.025396,192.168.100.221,74.125.24.119,UDP,75,5.025712,5.025396,0.000316,5.02508,5.024764
315,5.025712,192.168.100.221,74.125.24.119,UDP,75,5.026346,5.025712,0.000634,5.025078,5.024444
316,5.026346,74.125.24.119,192.168.100.221,UDP,944,5.033104,5.026346,0.006758,5.019588,5.01283
317,5.033104,172.217.194.94,192.168.100.221,UDP,1392,5.034447,5.033104,0.001343,5.031761,5.030418
318,5.034447,192.168.100.221,172.217.194.94,UDP,75,5.039377,5.034447,0.00493,5.029517,5.024587
319,5.039377,192.168.100.221,74.125.68.188,TCP,55,5.041399,5.039377,0.002022,5.037355,5.035333
320,5.041399,172.217.194.94,192.168.100.221,UDP,316,5.048808,5.041399,0.007409,5.03399,5.026581
321,5.048808,192.168.100.221,74.125.200.132,UDP,581,5.049163,5.048808,0.000355,5.048453,5.048098
322,5.049163,192.168.100.221,74.125.200.132,UDP,1392,5.050671,5.049163,0.001508,5.047655,5.046147
323,5.050671,192.168.100.221,74.125.200.132,UDP,75,5.050944,5.050671,0.000273,5.050398,5.050125
324,5.050944,74.125.200.132,192.168.100.221,UDP,1392,5.05235,5.050944,0.001406,5.049538,5.048132
325,5.05235,192.168.100.221,74.125.24.119,UDP,75,5.060528,5.05235,0.008178,5.044172,5.035994
326,5.060528,74.125.24.119,192.168.100.221,UDP,67,5.071553,5.060528,0.011025,5.049503,5.038478
327,5.071553,192.168.100.221,172.217.194.94,UDP,75,5.075708,5.071553,0.004155,5.067398,5.063243
328,5.075708,74.125.68.188,192.168.100.221,TCP,66,5.079471,5.075708,0.003763,5.071945,5.068182
329,5.079471,192.168.100.221,74.125.200.132,UDP,75,5.086984,5.079471,0.007513,5.071958,5.064445
330,5.086984,74.125.200.132,192.168.100.221,UDP,1392,5.086984,5.086984,0,5.086984,5.086984
331,5.086984,74.125.200.132,192.168.100.221,UDP,1392,5.086985,5.086984,1E-06,5.086983,5.086982
332,5.086985,74.125.200.132,192.168.100.221,UDP,1081,5.097518,5.086985,0.010533,5.076452,5.065919
333,5.097518,192.168.100.221,74.125.200.132,UDP,75,5.129404,5.097518,0.031886,5.065632,5.033746
334,5.129404,192.168.100.221,74.125.200.132,UDP,75,6.519838,5.129404,1.390434,3.73897,2.348536
335,6.519838,192.168.100.221,74.125.24.119,UDP,204,6.552074,6.519838,0.032236,6.487602,6.455366
336,6.552074,74.125.24.119,192.168.100.221,UDP,151,6.582104,6.552074,0.03003,6.522044,6.492014
337,6.582104,192.168.100.221,74.125.24.119,UDP,75,6.611013,6.582104,0.028909,6.553195,6.524286
338,6.611013,192.168.100.221,74.125.24.119,UDP,205,6.618187,6.611013,0.007174,6.603839,6.596665
339,6.618187,192.168.100.221,74.125.24.119,UDP,202,6.64332,6.618187,0.025133,6.593054,6.567921
340,6.64332,74.125.24.119,192.168.100.221,UDP,150,6.647819,6.64332,0.004499,6.638821,6.634322
341,6.647819,192.168.100.221,74.125.24.119,UDP,198,6.651673,6.647819,0.003854,6.643965,6.640111
342,6.651673,74.125.24.119,192.168.100.221,UDP,1392,6.651674,6.651673,1E-06,6.651672,6.651671
343,6.651674,74.125.24.119,192.168.100.221,UDP,1392,6.651675,6.651674,1E-06,6.651673,6.651672
344,6.651675,74.125.24.119,192.168.100.221,UDP,1392,6.651677,6.651675,2E-06,6.651673,6.651671
345,6.651677,74.125.24.119,192.168.100.221,UDP,1392,6.651677,6.651677,0,6.651677,6.651677
346,6.651677,74.125.24.119,192.168.100.221,UDP,1392,6.651678,6.651677,1E-06,6.651676,6.651675
347,6.651678,74.125.24.119,192.168.100.221,UDP,1392,6.651678,6.651678,0,6.651678,6.651678
348,6.651678,74.125.24.119,192.168.100.221,UDP,1392,6.65386,6.651678,0.002182,6.649496,6.647314
349,6.65386,74.125.24.119,192.168.100.221,UDP,1392,6.653862,6.65386,2E-06,6.653858,6.653856
350,6.653862,74.125.24.119,192.168.100.221,UDP,1392,6.653863,6.653862,1E-06,6.653861,6.65386
351,6.653863,74.125.24.119,192.168.100.221,UDP,1392,6.653864,6.653863,1E-06,6.653862,6.653861
352,6.653864,74.125.24.119,192.168.100.221,UDP,1392,6.653865,6.653864,1E-06,6.653863,6.653862
353,6.653865,74.125.24.119,192.168.100.221,UDP,1392,6.653865,6.653865,0,6.653865,6.653865
354,6.653865,74.125.24.119,192.168.100.221,UDP,1392,6.653866,6.653865,1E-06,6.653864,6.653863
355,6.653866,74.125.24.119,192.168.100.221,UDP,1392,6.656039,6.653866,0.002173,6.651693,6.64952
356,6.656039,74.125.24.119,192.168.100.221,UDP,1392,6.656041,6.656039,2E-06,6.656037,6.656035
357,6.656041,74.125.24.119,192.168.100.221,UDP,1392,6.656042,6.656041,1E-06,6.65604,6.656039
358,6.656042,74.125.24.119,192.168.100.221,UDP,1392,6.656042,6.656042,0,6.656042,6.656042
359,6.656042,74.125.24.119,192.168.100.221,UDP,1392,6.656043,6.656042,1E-06,6.656041,6.65604
360,6.656043,74.125.24.119,192.168.100.221,UDP,1392,6.656044,6.656043,1E-06,6.656042,6.656041
361,6.656044,74.125.24.119,192.168.100.221,UDP,1392,6.656044,6.656044,0,6.656044,6.656044
362,6.656044,74.125.24.119,192.168.100.221,UDP,1392,6.657596,6.656044,0.001552,6.654492,6.65294
363,6.657596,192.168.100.221,74.125.24.119,UDP,75,6.657726,6.657596,0.00013,6.657466,6.657336
364,6.657726,192.168.100.221,74.125.24.119,UDP,75,6.657822,6.657726,9.6E-05,6.65763,6.657534
365,6.657822,192.168.100.221,74.125.24.119,UDP,75,6.658156,6.657822,0.000334,6.657488,6.657154
366,6.658156,74.125.24.119,192.168.100.221,UDP,1392,6.658157,6.658156,1E-06,6.658155,6.658154
367,6.658157,74.125.24.119,192.168.100.221,UDP,1392,6.658157,6.658157,0,6.658157,6.658157
368,6.658157,74.125.24.119,192.168.100.221,UDP,1392,6.658158,6.658157,1E-06,6.658156,6.658155
369,6.658158,74.125.24.119,192.168.100.221,UDP,1392,6.658159,6.658158,1E-06,6.658157,6.658156
370,6.658159,74.125.24.119,192.168.100.221,UDP,1392,6.658159,6.658159,0,6.658159,6.658159
371,6.658159,74.125.24.119,192.168.100.221,UDP,1392,6.65816,6.658159,1E-06,6.658158,6.658157
372,6.65816,74.125.24.119,192.168.100.221,UDP,1439,6.659784,6.65816,0.001624,6.656536,6.654912
373,6.659784,192.168.100.221,74.125.24.119,UDP,75,6.659951,6.659784,0.000167,6.659617,6.65945
374,6.659951,192.168.100.221,74.125.24.119,UDP,75,6.660104,6.659951,0.000153,6.659798,6.659645
375,6.660104,192.168.100.221,74.125.24.119,UDP,75,6.660205,6.660104,0.000101,6.660003,6.659902
376,6.660205,192.168.100.221,74.125.24.119,UDP,75,6.6603,6.660205,9.5E-05,6.66011,6.660015
377,6.6603,192.168.100.221,74.125.24.119,UDP,75,6.660342,6.6603,4.2E-05,6.660258,6.660216
378,6.660342,74.125.24.119,192.168.100.221,UDP,1392,6.660342,6.660342,0,6.660342,6.660342
379,6.660342,74.125.24.119,192.168.100.221,UDP,1392,6.660343,6.660342,1E-06,6.660341,6.66034
380,6.660343,74.125.24.119,192.168.100.221,UDP,1392,6.660344,6.660343,1E-06,6.660342,6.660341
381,6.660344,74.125.24.119,192.168.100.221,UDP,1392,6.660344,6.660344,0,6.660344,6.660344
382,6.660344,74.125.24.119,192.168.100.221,UDP,1392,6.660345,6.660344,1E-06,6.660343,6.660342
383,6.660345,74.125.24.119,192.168.100.221,UDP,1392,6.660346,6.660345,1E-06,6.660344,6.660343
384,6.660346,74.125.24.119,192.168.100.221,UDP,1392,6.660406,6.660346,6E-05,6.660286,6.660226
385,6.660406,192.168.100.221,74.125.24.119,UDP,75,6.660497,6.660406,9.1E-05,6.660315,6.660224
386,6.660497,192.168.100.221,74.125.24.119,UDP,75,6.661476,6.660497,0.000979,6.659518,6.658539
387,6.661476,74.125.24.119,192.168.100.221,UDP,1392,6.661477,6.661476,1E-06,6.661475,6.661474
388,6.661477,74.125.24.119,192.168.100.221,UDP,1392,6.661478,6.661477,1E-06,6.661476,6.661475
389,6.661478,74.125.24.119,192.168.100.221,UDP,1392,6.661479,6.661478,1E-06,6.661477,6.661476
390,6.661479,74.125.24.119,192.168.100.221,UDP,856,6.662724,6.661479,0.001245,6.660234,6.658989
391,6.662724,192.168.100.221,74.125.24.119,UDP,75,6.683162,6.662724,0.020438,6.642286,6.621848
392,6.683162,74.125.24.119,192.168.100.221,UDP,1392,6.683163,6.683162,1E-06,6.683161,6.68316
393,6.683163,74.125.24.119,192.168.100.221,UDP,1392,6.683163,6.683163,0,6.683163,6.683163
394,6.683163,74.125.24.119,192.168.100.221,UDP,1392,6.683165,6.683163,2E-06,6.683161,6.683159
395,6.683165,74.125.24.119,192.168.100.221,UDP,1392,6.685698,6.683165,0.002533,6.680632,6.678099
396,6.685698,74.125.24.119,192.168.100.221,UDP,1392,6.6857,6.685698,2E-06,6.685696,6.685694
397,6.6857,74.125.24.119,192.168.100.221,UDP,1392,6.685702,6.6857,2E-06,6.685698,6.685696
398,6.685702,74.125.24.119,192.168.100.221,UDP,1392,6.685709,6.685702,7E-06,6.685695,6.685688
399,6.685709,74.125.24.119,192.168.100.221,UDP,1392,6.68571,6.685709,1E-06,6.685708,6.685707
400,6.68571,74.125.24.119,192.168.100.221,UDP,1392,6.685711,6.68571,1E-06,6.685709,6.685708
401,6.685711,74.125.24.119,192.168.100.221,UDP,1392,6.687854,6.685711,0.002143,6.683568,6.681425
402,6.687854,74.125.24.119,192.168.100.221,UDP,1392,6.687855,6.687854,1E-06,6.687853,6.687852
403,6.687855,74.125.24.119,192.168.100.221,UDP,1392,6.687856,6.687855,1E-06,6.687854,6.687853
404,6.687856,74.125.24.119,192.168.100.221,UDP,1392,6.687858,6.687856,2E-06,6.687854,6.687852
405,6.687858,74.125.24.119,192.168.100.221,UDP,1392,6.687858,6.687858,0,6.687858,6.687858
406,6.687858,74.125.24.119,192.168.100.221,UDP,1392,6.687859,6.687858,1E-06,6.687857,6.687856
407,6.687859,74.125.24.119,192.168.100.221,UDP,1392,6.68786,6.687859,1E-06,6.687858,6.687857
408,6.68786,74.125.24.119,192.168.100.221,UDP,1392,6.68998,6.68786,0.00212,6.68574,6.68362
409,6.68998,74.125.24.119,192.168.100.221,UDP,1392,6.689984,6.68998,4E-06,6.689976,6.689972
410,6.689984,74.125.24.119,192.168.100.221,UDP,1392,6.689985,6.689984,1E-06,6.689983,6.689982
411,6.689985,74.125.24.119,192.168.100.221,UDP,1392,6.689987,6.689985,2E-06,6.689983,6.689981
412,6.689987,74.125.24.119,192.168.100.221,UDP,1392,6.689988,6.689987,1E-06,6.689986,6.689985
413,6.689988,74.125.24.119,192.168.100.221,UDP,1392,6.689988,6.689988,0,6.689988,6.689988
414,6.689988,74.125.24.119,192.168.100.221,UDP,1392,6.689989,6.689988,1E-06,6.689987,6.689986
415,6.689989,74.125.24.119,192.168.100.221,UDP,1392,6.691519,6.689989,0.00153,6.688459,6.686929
416,6.691519,74.125.24.119,192.168.100.221,UDP,1392,6.69152,6.691519,1E-06,6.691518,6.691517
417,6.69152,74.125.24.119,192.168.100.221,UDP,1392,6.691521,6.69152,1E-06,6.691519,6.691518
418,6.691521,74.125.24.119,192.168.100.221,UDP,1392,6.691523,6.691521,2E-06,6.691519,6.691517
419,6.691523,74.125.24.119,192.168.100.221,UDP,1392,6.693595,6.691523,0.002072,6.689451,6.687379
420,6.693595,74.125.24.119,192.168.100.221,UDP,1392,6.693596,6.693595,1E-06,6.693594,6.693593
421,6.693596,74.125.24.119,192.168.100.221,UDP,1392,6.693597,6.693596,1E-06,6.693595,6.693594
422,6.693597,74.125.24.119,192.168.100.221,UDP,1392,6.693599,6.693597,2E-06,6.693595,6.693593
423,6.693599,74.125.24.119,192.168.100.221,UDP,1392,6.693599,6.693599,0,6.693599,6.693599
424,6.693599,74.125.24.119,192.168.100.221,UDP,1392,6.6936,6.693599,1E-06,6.693598,6.693597
425,6.6936,74.125.24.119,192.168.100.221,UDP,1392,6.6936,6.6936,0,6.6936,6.6936
426,6.6936,74.125.24.119,192.168.100.221,UDP,1392,6.695697,6.6936,0.002097,6.691503,6.689406
427,6.695697,74.125.24.119,192.168.100.221,UDP,1392,6.695698,6.695697,1E-06,6.695696,6.695695
428,6.695698,74.125.24.119,192.168.100.221,UDP,1392,6.695699,6.695698,1E-06,6.695697,6.695696
429,6.695699,74.125.24.119,192.168.100.221,UDP,1392,6.695701,6.695699,2E-06,6.695697,6.695695
430,6.695701,74.125.24.119,192.168.100.221,UDP,1392,6.695702,6.695701,1E-06,6.6957,6.695699
431,6.695702,74.125.24.119,192.168.100.221,UDP,1392,6.695702,6.695702,0,6.695702,6.695702
432,6.695702,74.125.24.119,192.168.100.221,UDP,1392,6.695703,6.695702,1E-06,6.695701,6.6957
433,6.695703,74.125.24.119,192.168.100.221,UDP,1392,6.698422,6.695703,0.002719,6.692984,6.690265
434,6.698422,74.125.24.119,192.168.100.221,UDP,1392,6.698422,6.698422,0,6.698422,6.698422
435,6.698422,74.125.24.119,192.168.100.221,UDP,1392,6.698423,6.698422,1E-06,6.698421,6.69842
436,6.698423,74.125.24.119,192.168.100.221,UDP,1392,6.698426,6.698423,3E-06,6.69842,6.698417
437,6.698426,74.125.24.119,192.168.100.221,UDP,1392,6.698426,6.698426,0,6.698426,6.698426
438,6.698426,74.125.24.119,192.168.100.221,UDP,1392,6.698427,6.698426,1E-06,6.698425,6.698424
439,6.698427,74.125.24.119,192.168.100.221,UDP,1392,6.698428,6.698427,1E-06,6.698426,6.698425
440,6.698428,74.125.24.119,192.168.100.221,UDP,1392,6.700369,6.698428,0.001941,6.696487,6.694546
441,6.700369,74.125.24.119,192.168.100.221,UDP,1392,6.700369,6.700369,0,6.700369,6.700369
442,6.700369,74.125.24.119,192.168.100.221,UDP,1392,6.70037,6.700369,1E-06,6.700368,6.700367
443,6.70037,74.125.24.119,192.168.100.221,UDP,1392,6.700372,6.70037,2E-06,6.700368,6.700366
444,6.700372,74.125.24.119,192.168.100.221,UDP,1392,6.700373,6.700372,1E-06,6.700371,6.70037
445,6.700373,74.125.24.119,192.168.100.221,UDP,1392,6.722978,6.700373,0.022605,6.677768,6.655163
446,6.722978,192.168.100.221,74.125.24.119,UDP,198,6.724336,6.722978,0.001358,6.72162,6.720262
447,6.724336,192.168.100.221,74.125.24.119,UDP,75,6.724461,6.724336,0.000125,6.724211,6.724086
448,6.724461,192.168.100.221,74.125.24.119,UDP,75,6.731439,6.724461,0.006978,6.717483,6.710505
449,6.731439,192.168.100.221,74.125.24.119,UDP,75,6.731585,6.731439,0.000146,6.731293,6.731147
450,6.731585,192.168.100.221,74.125.24.119,UDP,75,6.731689,6.731585,0.000104,6.731481,6.731377
451,6.731689,192.168.100.221,74.125.24.119,UDP,75,6.731797,6.731689,0.000108,6.731581,6.731473
452,6.731797,192.168.100.221,74.125.24.119,UDP,75,6.731899,6.731797,0.000102,6.731695,6.731593
453,6.731899,192.168.100.221,74.125.24.119,UDP,75,6.742758,6.731899,0.010859,6.72104,6.710181
454,6.742758,192.168.100.221,74.125.24.119,UDP,75,6.75648,6.742758,0.013722,6.729036,6.715314
455,6.75648,74.125.24.119,192.168.100.221,UDP,1392,6.756481,6.75648,1E-06,6.756479,6.756478
456,6.756481,74.125.24.119,192.168.100.221,UDP,1392,6.756482,6.756481,1E-06,6.75648,6.756479
457,6.756482,74.125.24.119,192.168.100.221,UDP,1392,6.756484,6.756482,2E-06,6.75648,6.756478
458,6.756484,74.125.24.119,192.168.100.221,UDP,1392,6.756484,6.756484,0,6.756484,6.756484
459,6.756484,74.125.24.119,192.168.100.221,UDP,1439,6.756485,6.756484,1E-06,6.756483,6.756482
460,6.756485,74.125.24.119,192.168.100.221,UDP,1439,6.756485,6.756485,0,6.756485,6.756485
461,6.756485,74.125.24.119,192.168.100.221,UDP,1439,6.759611,6.756485,0.003126,6.753359,6.750233
462,6.759611,74.125.24.119,192.168.100.221,UDP,1439,6.759612,6.759611,1E-06,6.75961,6.759609
463,6.759612,74.125.24.119,192.168.100.221,UDP,1439,6.759613,6.759612,1E-06,6.759611,6.75961
464,6.759613,74.125.24.119,192.168.100.221,UDP,1439,6.759613,6.759613,0,6.759613,6.759613
465,6.759613,74.125.24.119,192.168.100.221,UDP,1439,6.759614,6.759613,1E-06,6.759612,6.759611
466,6.759614,74.125.24.119,192.168.100.221,UDP,1439,6.759614,6.759614,0,6.759614,6.759614
467,6.759614,74.125.24.119,192.168.100.221,UDP,1439,6.759615,6.759614,1E-06,6.759613,6.759612
468,6.759615,74.125.24.119,192.168.100.221,UDP,1439,6.760715,6.759615,0.0011,6.758515,6.757415
469,6.760715,192.168.100.221,74.125.24.119,UDP,75,6.765024,6.760715,0.004309,6.756406,6.752097
470,6.765024,74.125.24.119,192.168.100.221,UDP,1439,6.765025,6.765024,1E-06,6.765023,6.765022
471,6.765025,74.125.24.119,192.168.100.221,UDP,1439,6.765026,6.765025,1E-06,6.765024,6.765023
472,6.765026,74.125.24.119,192.168.100.221,UDP,1439,6.765028,6.765026,2E-06,6.765024,6.765022
473,6.765028,74.125.24.119,192.168.100.221,UDP,1439,6.765029,6.765028,1E-06,6.765027,6.765026
474,6.765029,74.125.24.119,192.168.100.221,UDP,1439,6.765029,6.765029,0,6.765029,6.765029
475,6.765029,74.125.24.119,192.168.100.221,UDP,1439,6.766777,6.765029,0.001748,6.763281,6.761533
476,6.766777,192.168.100.221,74.125.24.119,UDP,75,6.767672,6.766777,0.000895,6.765882,6.764987
477,6.767672,74.125.24.119,192.168.100.221,UDP,1439,6.767673,6.767672,1E-06,6.767671,6.76767
478,6.767673,74.125.24.119,192.168.100.221,UDP,1439,6.767674,6.767673,1E-06,6.767672,6.767671
479,6.767674,74.125.24.119,192.168.100.221,UDP,1439,6.767676,6.767674,2E-06,6.767672,6.76767
480,6.767676,74.125.24.119,192.168.100.221,UDP,1439,6.767677,6.767676,1E-06,6.767675,6.767674
481,6.767677,74.125.24.119,192.168.100.221,UDP,1439,6.767678,6.767677,1E-06,6.767676,6.767675
482,6.767678,74.125.24.119,192.168.100.221,UDP,1439,6.767679,6.767678,1E-06,6.767677,6.767676
483,6.767679,74.125.24.119,192.168.100.221,UDP,1439,6.767935,6.767679,0.000256,6.767423,6.767167
484,6.767935,74.125.24.119,192.168.100.221,UDP,1439,6.770407,6.767935,0.002472,6.765463,6.762991
485,6.770407,74.125.24.119,192.168.100.221,UDP,1439,6.770408,6.770407,1E-06,6.770406,6.770405
486,6.770408,74.125.24.119,192.168.100.221,UDP,1439,6.770409,6.770408,1E-06,6.770407,6.770406
487,6.770409,74.125.24.119,192.168.100.221,UDP,1439,6.77041,6.770409,1E-06,6.770408,6.770407
488,6.77041,74.125.24.119,192.168.100.221,UDP,1439,6.77041,6.77041,0,6.77041,6.77041
489,6.77041,74.125.24.119,192.168.100.221,UDP,1439,6.770411,6.77041,1E-06,6.770409,6.770408
490,6.770411,74.125.24.119,192.168.100.221,UDP,1439,6.770411,6.770411,0,6.770411,6.770411
491,6.770411,74.125.24.119,192.168.100.221,UDP,1439,6.771758,6.770411,0.001347,6.769064,6.767717
492,6.771758,74.125.24.119,192.168.100.221,UDP,1439,6.771759,6.771758,1E-06,6.771757,6.771756
493,6.771759,74.125.24.119,192.168.100.221,UDP,1439,6.771759,6.771759,0,6.771759,6.771759
494,6.771759,74.125.24.119,192.168.100.221,UDP,1439,6.773081,6.771759,0.001322,6.770437,6.769115
495,6.773081,192.168.100.221,74.125.24.119,UDP,75,6.774305,6.773081,0.001224,6.771857,6.770633
496,6.774305,74.125.24.119,192.168.100.221,UDP,1439,6.774306,6.774305,1E-06,6.774304,6.774303
497,6.774306,74.125.24.119,192.168.100.221,UDP,1439,6.774307,6.774306,1E-06,6.774305,6.774304
498,6.774307,74.125.24.119,192.168.100.221,UDP,1439,6.774307,6.774307,0,6.774307,6.774307
499,6.774307,74.125.24.119,192.168.100.221,UDP,1439,6.774308,6.774307,1E-06,6.774306,6.774305
500,6.774308,74.125.24.119,192.168.100.221,UDP,1439,6.774308,6.774308,0,6.774308,6.774308
501,6.774308,74.125.24.119,192.168.100.221,UDP,1439,6.774309,6.774308,1E-06,6.774307,6.774306
502,6.774309,74.125.24.119,192.168.100.221,UDP,1439,6.775487,6.774309,0.001178,6.773131,6.771953
503,6.775487,192.168.100.221,74.125.24.119,UDP,75,6.776172,6.775487,0.000685,6.774802,6.774117
504,6.776172,74.125.24.119,192.168.100.221,UDP,1439,6.776172,6.776172,0,6.776172,6.776172
505,6.776172,74.125.24.119,192.168.100.221,UDP,1439,6.776173,6.776172,1E-06,6.776171,6.77617
506,6.776173,74.125.24.119,192.168.100.221,UDP,1439,6.776174,6.776173,1E-06,6.776172,6.776171
507,6.776174,74.125.24.119,192.168.100.221,UDP,1439,6.776175,6.776174,1E-06,6.776173,6.776172
508,6.776175,74.125.24.119,192.168.100.221,UDP,1439,6.776175,6.776175,0,6.776175,6.776175
509,6.776175,74.125.24.119,192.168.100.221,UDP,1404,6.777312,6.776175,0.001137,6.775038,6.773901
510,6.777312,192.168.100.221,74.125.24.119,UDP,75,6.791523,6.777312,0.014211,6.763101,6.74889
511,6.791523,192.168.100.221,74.125.24.119,UDP,75,7.327236,6.791523,0.535713,6.25581,5.720097
512,7.327236,192.168.100.221,192.168.100.1,DNS,79,7.345792,7.327236,0.018556,7.30868,7.290124
513,7.345792,192.168.100.1,192.168.100.221,DNS,199,7.361032,7.345792,0.01524,7.330552,7.315312
514,7.361032,192.168.100.221,172.217.194.100,UDP,1392,7.367431,7.361032,0.006399,7.354633,7.348234
515,7.367431,192.168.100.221,74.125.200.136,UDP,357,7.394081,7.367431,0.02665,7.340781,7.314131
516,7.394081,172.217.194.100,192.168.100.221,UDP,1392,7.402655,7.394081,0.008574,7.385507,7.376933
517,7.402655,74.125.200.136,192.168.100.221,UDP,600,7.423018,7.402655,0.020363,7.382292,7.361929
518,7.423018,192.168.100.221,74.125.200.136,UDP,75,7.461584,7.423018,0.038566,7.384452,7.345886
519,7.461584,172.217.194.100,192.168.100.221,UDP,1392,7.486712,7.461584,0.025128,7.436456,7.411328
520,7.486712,192.168.100.221,172.217.194.100,UDP,1013,7.486981,7.486712,0.000269,7.486443,7.486174
521,7.486981,192.168.100.221,172.217.194.100,UDP,1392,7.488115,7.486981,0.001134,7.485847,7.484713
522,7.488115,192.168.100.221,172.217.194.100,UDP,75,7.51487,7.488115,0.026755,7.46136,7.434605
523,7.51487,192.168.100.221,172.217.194.100,UDP,75,7.518325,7.51487,0.003455,7.511415,7.50796
524,7.518325,172.217.194.100,192.168.100.221,UDP,290,7.546888,7.518325,0.028563,7.489762,7.461199
525,7.546888,192.168.100.221,172.217.194.100,UDP,75,7.940227,7.546888,0.393339,7.153549,6.76021
526,7.940227,192.168.100.221,74.125.200.136,UDP,1392,7.940629,7.940227,0.000402,7.939825,7.939423
527,7.940629,192.168.100.221,74.125.200.136,UDP,599,7.984016,7.940629,0.043387,7.897242,7.853855
528,7.984016,74.125.200.136,192.168.100.221,UDP,68,8.264377,7.984016,0.280361,7.703655,7.423294
529,8.264377,192.168.100.221,192.168.100.1,DNS,70,8.264442,8.264377,6.5E-05,8.264312,8.264247
530,8.264442,192.168.100.221,185.199.109.154,TCP,66,8.283365,8.264442,0.018923,8.245519,8.226596
531,8.283365,192.168.100.1,192.168.100.221,DNS,86,8.287508,8.283365,0.004143,8.279222,8.275079
532,8.287508,192.168.100.221,13.250.177.223,TCP,66,8.288171,8.287508,0.000663,8.286845,8.286182
533,8.288171,192.168.100.221,13.250.177.223,TCP,66,8.295698,8.288171,0.007527,8.280644,8.273117
534,8.295698,185.199.109.154,192.168.100.221,TCP,66,8.295873,8.295698,0.000175,8.295523,8.295348
535,8.295873,192.168.100.221,185.199.109.154,TCP,54,8.296953,8.295873,0.00108,8.294793,8.293713
536,8.296953,192.168.100.221,185.199.109.154,TLSv1.2,578,8.319481,8.296953,0.022528,8.274425,8.251897
537,8.319481,13.250.177.223,192.168.100.221,TCP,66,8.319683,8.319481,0.000202,8.319279,8.319077
538,8.319683,192.168.100.221,13.250.177.223,TCP,54,8.321213,8.319683,0.00153,8.318153,8.316623
539,8.321213,192.168.100.221,13.250.177.223,TLSv1.3,571,8.324385,8.321213,0.003172,8.318041,8.314869
540,8.324385,13.250.177.223,192.168.100.221,TCP,66,8.324614,8.324385,0.000229,8.324156,8.323927
541,8.324614,192.168.100.221,13.250.177.223,TCP,54,8.325717,8.324614,0.001103,8.323511,8.322408
542,8.325717,192.168.100.221,13.250.177.223,TLSv1.3,571,8.328553,8.325717,0.002836,8.322881,8.320045
543,8.328553,185.199.109.154,192.168.100.221,TCP,54,8.328554,8.328553,1E-06,8.328552,8.328551
544,8.328554,185.199.109.154,192.168.100.221,TLSv1.2,204,8.354584,8.328554,0.02603,8.302524,8.276494
545,8.354584,13.250.177.223,192.168.100.221,TLSv1.3,1466,8.354585,8.354584,1E-06,8.354583,8.354582
546,8.354585,13.250.177.223,192.168.100.221,TCP,1466,8.354588,8.354585,3E-06,8.354582,8.354579
547,8.354588,13.250.177.223,192.168.100.221,TLSv1.3,752,8.3548,8.354588,0.000212,8.354376,8.354164
548,8.3548,192.168.100.221,13.250.177.223,TCP,54,8.356974,8.3548,0.002174,8.352626,8.350452
549,8.356974,74.125.200.136,192.168.100.221,UDP,1202,8.356974,8.356974,0,8.356974,8.356974
550,8.356974,74.125.200.136,192.168.100.221,UDP,243,8.364273,8.356974,0.007299,8.349675,8.342376
551,8.364273,13.250.177.223,192.168.100.221,TLSv1.3,1466,8.364274,8.364273,1E-06,8.364272,8.364271
552,8.364274,13.250.177.223,192.168.100.221,TCP,1466,8.364276,8.364274,2E-06,8.364272,8.36427
553,8.364276,13.250.177.223,192.168.100.221,TLSv1.3,752,8.36444,8.364276,0.000164,8.364112,8.363948
554,8.36444,192.168.100.221,13.250.177.223,TCP,54,8.373249,8.36444,0.008809,8.355631,8.346822
555,8.373249,192.168.100.221,185.199.109.154,TCP,54,8.382008,8.373249,0.008759,8.36449,8.355731
556,8.382008,192.168.100.221,185.199.109.154,TLSv1.2,105,8.384616,8.382008,0.002608,8.3794,8.376792
557,8.384616,192.168.100.221,13.250.177.223,TLSv1.3,118,8.388416,8.384616,0.0038,8.380816,8.377016
558,8.388416,192.168.100.221,13.250.177.223,TLSv1.3,118,8.388739,8.388416,0.000323,8.388093,8.38777
559,8.388739,192.168.100.221,13.250.177.223,TLSv1.3,1389,8.409025,8.388739,0.020286,8.368453,8.348167
560,8.409025,192.168.100.221,74.125.200.136,UDP,75,8.415695,8.409025,0.00667,8.402355,8.395685
561,8.415695,13.250.177.223,192.168.100.221,TLSv1.3,133,8.415696,8.415695,1E-06,8.415694,8.415693
562,8.415696,13.250.177.223,192.168.100.221,TLSv1.3,133,8.415849,8.415696,0.000153,8.415543,8.41539
563,8.415849,192.168.100.221,13.250.177.223,TCP,54,8.421254,8.415849,0.005405,8.410444,8.405039
564,8.421254,192.168.100.221,74.125.200.136,UDP,75,8.424871,8.421254,0.003617,8.417637,8.41402
565,8.424871,13.250.177.223,192.168.100.221,TLSv1.3,133,8.424872,8.424871,1E-06,8.42487,8.424869
566,8.424872,13.250.177.223,192.168.100.221,TLSv1.3,133,8.425048,8.424872,0.000176,8.424696,8.42452
567,8.425048,192.168.100.221,13.250.177.223,TCP,54,8.459626,8.425048,0.034578,8.39047,8.355892
568,8.459626,185.199.109.154,192.168.100.221,TCP,56,8.463806,8.459626,0.00418,8.455446,8.451266
569,8.463806,13.250.177.223,192.168.100.221,TCP,56,9.088436,8.463806,0.62463,7.839176,7.214546
570,9.088436,192.168.100.221,192.168.100.1,DNS,82,9.091432,9.088436,0.002996,9.08544,9.082444
571,9.091432,13.250.177.223,192.168.100.221,TLSv1.3,1446,9.091434,9.091432,2E-06,9.09143,9.091428
572,9.091434,13.250.177.223,192.168.100.221,TLSv1.3,1135,9.091434,9.091434,0,9.091434,9.091434
573,9.091434,13.250.177.223,192.168.100.221,TLSv1.3,1446,9.091436,9.091434,2E-06,9.091432,9.09143
574,9.091436,13.250.177.223,192.168.100.221,TLSv1.3,1466,9.091437,9.091436,1E-06,9.091435,9.091434
575,9.091437,13.250.177.223,192.168.100.221,TLSv1.3,1426,9.091438,9.091437,1E-06,9.091436,9.091435
576,9.091438,13.250.177.223,192.168.100.221,TLSv1.3,1466,9.091438,9.091438,0,9.091438,9.091438
577,9.091438,13.250.177.223,192.168.100.221,TLSv1.3,1426,9.091789,9.091438,0.000351,9.091087,9.090736
578,9.091789,192.168.100.221,13.250.177.223,TCP,54,9.092777,9.091789,0.000988,9.090801,9.089813
579,9.092777,13.250.177.223,192.168.100.221,TLSv1.3,1466,9.092777,9.092777,0,9.092777,9.092777
580,9.092777,13.250.177.223,192.168.100.221,TLSv1.3,1426,9.092778,9.092777,1E-06,9.092776,9.092775
581,9.092778,13.250.177.223,192.168.100.221,TLSv1.3,1466,9.09278,9.092778,2E-06,9.092776,9.092774
582,9.09278,13.250.177.223,192.168.100.221,TLSv1.3,1466,9.092957,9.09278,0.000177,9.092603,9.092426
583,9.092957,192.168.100.221,13.250.177.223,TCP,54,9.108438,9.092957,0.015481,9.077476,9.061995
584,9.108438,192.168.100.1,192.168.100.221,DNS,163,9.125793,9.108438,0.017355,9.091083,9.073728
585,9.125793,13.250.177.223,192.168.100.221,TLSv1.3,1466,9.125794,9.125793,1E-06,9.125792,9.125791
586,9.125794,13.250.177.223,192.168.100.221,TLSv1.3,1466,9.125795,9.125794,1E-06,9.125793,9.125792
587,9.125795,13.250.177.223,192.168.100.221,TLSv1.3,1466,9.125796,9.125795,1E-06,9.125794,9.125793
588,9.125796,13.250.177.223,192.168.100.221,TLSv1.3,1466,9.125797,9.125796,1E-06,9.125795,9.125794
589,9.125797,13.250.177.223,192.168.100.221,TLSv1.3,1466,9.125798,9.125797,1E-06,9.125796,9.125795
590,9.125798,13.250.177.223,192.168.100.221,TLSv1.3,1466,9.125798,9.125798,0,9.125798,9.125798
591,9.125798,13.250.177.223,192.168.100.221,TLSv1.3,1466,9.126089,9.125798,0.000291,9.125507,9.125216
592,9.126089,192.168.100.221,13.250.177.223,TCP,54,9.126506,9.126089,0.000417,9.125672,9.125255
593,9.126506,192.168.100.221,172.217.194.148,UDP,1392,9.1273,9.126506,0.000794,9.125712,9.124918
594,9.1273,13.250.177.223,192.168.100.221,TLSv1.3,1466,9.127301,9.1273,1E-06,9.127299,9.127298
595,9.127301,13.250.177.223,192.168.100.221,TLSv1.3,1466,9.127301,9.127301,0,9.127301,9.127301
596,9.127301,13.250.177.223,192.168.100.221,TLSv1.3,1466,9.127302,9.127301,1E-06,9.1273,9.127299
597,9.127302,13.250.177.223,192.168.100.221,TLSv1.3,1466,9.127303,9.127302,1E-06,9.127301,9.1273
598,9.127303,13.250.177.223,192.168.100.221,TLSv1.3,626,9.127494,9.127303,0.000191,9.127112,9.126921
599,9.127494,192.168.100.221,13.250.177.223,TCP,54,9.129117,9.127494,0.001623,9.125871,9.124248
600,9.129117,192.168.100.221,172.217.194.148,UDP,692,9.165743,9.129117,0.036626,9.092491,9.055865
601,9.165743,172.217.194.148,192.168.100.221,UDP,1392,9.166554,9.165743,0.000811,9.164932,9.164121
602,9.166554,172.217.194.148,192.168.100.221,UDP,316,9.1687,9.166554,0.002146,9.164408,9.162262
603,9.1687,192.168.100.221,172.217.194.148,UDP,75,9.193942,9.1687,0.025242,9.143458,9.118216
604,9.193942,192.168.100.221,172.217.194.148,UDP,75,9.394321,9.193942,0.200379,8.993563,8.793184
605,9.394321,192.168.100.221,192.168.100.1,DNS,90,9.397979,9.394321,0.003658,9.390663,9.387005
606,9.397979,192.168.100.221,192.168.100.1,DNS,90,9.399189,9.397979,0.00121,9.396769,9.395559
607,9.399189,192.168.100.221,192.168.100.1,DNS,90,9.399326,9.399189,0.000137,9.399052,9.398915
608,9.399326,192.168.100.221,192.168.100.1,DNS,90,9.4289,9.399326,0.029574,9.369752,9.340178
609,9.4289,192.168.100.221,192.168.100.1,DNS,90,9.42901,9.4289,0.00011,9.42879,9.42868
610,9.42901,192.168.100.221,192.168.100.1,DNS,90,9.429285,9.42901,0.000275,9.428735,9.42846
611,9.429285,192.168.100.221,192.168.100.1,DNS,90,9.437879,9.429285,0.008594,9.420691,9.412097
612,9.437879,192.168.100.1,192.168.100.221,DNS,141,9.438454,9.437879,0.000575,9.437304,9.436729
613,9.438454,192.168.100.221,192.168.100.1,DNS,90,9.439806,9.438454,0.001352,9.437102,9.43575
614,9.439806,192.168.100.221,151.101.8.133,TCP,66,9.441865,9.439806,0.002059,9.437747,9.435688
615,9.441865,192.168.100.1,192.168.100.221,DNS,141,9.446203,9.441865,0.004338,9.437527,9.433189
616,9.446203,192.168.100.1,192.168.100.221,DNS,141,9.446279,9.446203,7.6E-05,9.446127,9.446051
617,9.446279,192.168.100.221,192.168.100.1,DNS,89,9.447675,9.446279,0.001396,9.444883,9.443487
618,9.447675,192.168.100.221,151.101.8.133,TCP,66,9.450154,9.447675,0.002479,9.445196,9.442717
619,9.450154,192.168.100.221,192.168.100.1,DNS,93,9.463698,9.450154,0.013544,9.43661,9.423066
620,9.463698,192.168.100.1,192.168.100.221,DNS,141,9.463786,9.463698,8.8E-05,9.46361,9.463522
621,9.463786,192.168.100.221,192.168.100.1,ICMP,169,9.471302,9.463786,0.007516,9.45627,9.448754
622,9.471302,151.101.8.133,192.168.100.221,TCP,66,9.471633,9.471302,0.000331,9.470971,9.47064
623,9.471633,192.168.100.221,151.101.8.133,TCP,54,9.472722,9.471633,0.001089,9.470544,9.469455
624,9.472722,192.168.100.221,151.101.8.133,TLSv1.2,585,9.478657,9.472722,0.005935,9.466787,9.460852
625,9.478657,151.101.8.133,192.168.100.221,TCP,66,9.478856,9.478657,0.000199,9.478458,9.478259
626,9.478856,192.168.100.221,151.101.8.133,TCP,54,9.479757,9.478856,0.000901,9.477955,9.477054
627,9.479757,192.168.100.221,151.101.8.133,TLSv1.2,585,9.48446,9.479757,0.004703,9.475054,9.470351
628,9.48446,192.168.100.221,192.168.100.1,DNS,93,9.484836,9.48446,0.000376,9.484084,9.483708
629,9.484836,192.168.100.221,192.168.100.1,DNS,89,9.491894,9.484836,0.007058,9.477778,9.47072
630,9.491894,192.168.100.1,192.168.100.221,DNS,141,9.495309,9.491894,0.003415,9.488479,9.485064
631,9.495309,192.168.100.1,192.168.100.221,DNS,126,9.504721,9.495309,0.009412,9.485897,9.476485
632,9.504721,151.101.8.133,192.168.100.221,TCP,54,9.504721,9.504721,0,9.504721,9.504721
633,9.504721,151.101.8.133,192.168.100.221,TLSv1.2,210,9.510411,9.504721,0.00569,9.499031,9.493341
634,9.510411,192.168.100.221,151.101.8.133,TLSv1.2,105,9.510638,9.510411,0.000227,9.510184,9.509957
635,9.510638,151.101.8.133,192.168.100.221,TCP,54,9.511332,9.510638,0.000694,9.509944,9.50925
636,9.511332,151.101.8.133,192.168.100.221,TLSv1.2,210,9.512951,9.511332,0.001619,9.509713,9.508094
637,9.512951,192.168.100.221,151.101.8.133,TLSv1.2,806,9.516565,9.512951,0.003614,9.509337,9.505723
638,9.516565,192.168.100.221,151.101.8.133,TLSv1.2,105,9.521719,9.516565,0.005154,9.511411,9.506257
639,9.521719,192.168.100.221,151.101.8.133,TLSv1.2,806,9.545781,9.521719,0.024062,9.497657,9.473595
640,9.545781,151.101.8.133,192.168.100.221,TCP,56,9.547084,9.545781,0.001303,9.544478,9.543175
641,9.547084,151.101.8.133,192.168.100.221,TLSv1.2,562,9.553304,9.547084,0.00622,9.540864,9.534644
642,9.553304,151.101.8.133,192.168.100.221,TCP,56,9.5546,9.553304,0.001296,9.552008,9.550712
643,9.5546,151.101.8.133,192.168.100.221,TLSv1.2,562,9.591727,9.5546,0.037127,9.517473,9.480346
644,9.591727,192.168.100.221,151.101.8.133,TCP,54,9.599697,9.591727,0.00797,9.583757,9.575787
645,9.599697,192.168.100.221,151.101.8.133,TCP,54,9.609335,9.599697,0.009638,9.590059,9.580421
646,9.609335,192.168.100.221,185.199.109.154,TCP,66,9.645662,9.609335,0.036327,9.573008,9.536681
647,9.645662,185.199.109.154,192.168.100.221,TCP,66,9.645805,9.645662,0.000143,9.645519,9.645376
648,9.645805,192.168.100.221,185.199.109.154,TCP,54,9.664968,9.645805,0.019163,9.626642,9.607479
649,9.664968,192.168.100.221,185.199.109.154,TLSv1.2,578,9.687083,9.664968,0.022115,9.642853,9.620738
650,9.687083,192.168.100.1,192.168.100.221,DNS,144,9.701442,9.687083,0.014359,9.672724,9.658365
651,9.701442,185.199.109.154,192.168.100.221,TCP,54,9.703813,9.701442,0.002371,9.699071,9.6967
652,9.703813,185.199.109.154,192.168.100.221,TLSv1.2,204,9.709486,9.703813,0.005673,9.69814,9.692467
653,9.709486,192.168.100.221,185.199.109.154,TLSv1.2,105,9.710119,9.709486,0.000633,9.708853,9.70822
654,9.710119,192.168.100.221,185.199.109.154,TLSv1.2,153,9.745902,9.710119,0.035783,9.674336,9.638553
655,9.745902,185.199.109.154,192.168.100.221,TCP,56,9.745903,9.745902,1E-06,9.745901,9.7459
656,9.745903,185.199.109.154,192.168.100.221,TLSv1.2,120,9.776749,9.745903,0.030846,9.715057,9.684211
657,9.776749,192.168.100.221,185.199.109.154,TLSv1.2,501,9.777276,9.776749,0.000527,9.776222,9.775695
658,9.777276,192.168.100.221,185.199.109.154,TLSv1.2,92,9.812572,9.777276,0.035296,9.74198,9.706684
659,9.812572,185.199.109.154,192.168.100.221,TCP,56,9.813122,9.812572,0.00055,9.812022,9.811472
660,9.813122,185.199.109.154,192.168.100.221,TLSv1.2,379,9.856239,9.813122,0.043117,9.770005,9.726888
661,9.856239,192.168.100.221,185.199.109.154,TCP,54,9.92263,9.856239,0.066391,9.789848,9.723457
662,9.92263,192.168.100.221,192.168.100.1,DNS,91,9.941087,9.92263,0.018457,9.904173,9.885716
663,9.941087,192.168.100.1,192.168.100.221,DNS,107,9.945891,9.941087,0.004804,9.936283,9.931479
664,9.945891,192.168.100.221,172.217.194.95,UDP,1392,9.946046,9.945891,0.000155,9.945736,9.945581
665,9.946046,192.168.100.221,172.217.194.95,UDP,576,9.981817,9.946046,0.035771,9.910275,9.874504
666,9.981817,172.217.194.95,192.168.100.221,UDP,1392,9.982786,9.981817,0.000969,9.980848,9.979879
667,9.982786,192.168.100.221,172.217.194.95,UDP,75,10.006558,9.982786,0.023772,9.959014,9.935242
668,10.006558,172.217.194.95,192.168.100.221,UDP,67,10.03629,10.006558,0.029732,9.976826,9.947094
669,10.03629,172.217.194.95,192.168.100.221,UDP,518,10.036291,10.03629,1E-06,10.036289,10.036288
670,10.036291,172.217.194.95,192.168.100.221,UDP,239,10.03739,10.036291,0.001099,10.035192,10.034093
671,10.03739,192.168.100.221,172.217.194.95,UDP,75,10.21266,10.03739,0.17527,9.86212,9.68685
672,10.21266,192.168.100.221,192.168.100.1,DNS,84,10.220547,10.21266,0.007887,10.204773,10.196886
673,10.220547,192.168.100.221,13.250.177.223,TLSv1.3,1300,10.22139,10.220547,0.000843,10.219704,10.218861
674,10.22139,192.168.100.221,13.250.177.223,TLSv1.3,1323,10.225506,10.22139,0.004116,10.217274,10.213158
675,10.225506,192.168.100.221,13.250.177.223,TCP,66,10.231299,10.225506,0.005793,10.219713,10.21392
676,10.231299,192.168.100.1,192.168.100.221,DNS,224,10.250964,10.231299,0.019665,10.211634,10.191969
677,10.250964,192.168.100.221,74.125.24.102,UDP,1392,10.251996,10.250964,0.001032,10.249932,10.2489
678,10.251996,13.250.177.223,192.168.100.221,TCP,56,10.254796,10.251996,0.0028,10.249196,10.246396
679,10.254796,13.250.177.223,192.168.100.221,TCP,66,10.255022,10.254796,0.000226,10.25457,10.254344
680,10.255022,192.168.100.221,13.250.177.223,TCP,54,10.256175,10.255022,0.001153,10.253869,10.252716
681,10.256175,192.168.100.221,13.250.177.223,TLSv1.3,571,10.284903,10.256175,0.028728,10.227447,10.198719
682,10.284903,74.125.24.102,192.168.100.221,UDP,1392,10.28682,10.284903,0.001917,10.282986,10.281069
683,10.28682,13.250.177.223,192.168.100.221,TLSv1.3,1466,10.286823,10.28682,3E-06,10.286817,10.286814
684,10.286823,13.250.177.223,192.168.100.221,TCP,1466,10.286824,10.286823,1E-06,10.286822,10.286821
685,10.286824,13.250.177.223,192.168.100.221,TLSv1.3,752,10.287046,10.286824,0.000222,10.286602,10.28638
686,10.287046,192.168.100.221,13.250.177.223,TCP,54,10.288815,10.287046,0.001769,10.285277,10.283508
687,10.288815,192.168.100.221,74.125.24.102,UDP,75,10.291967,10.288815,0.003152,10.285663,10.282511
688,10.291967,192.168.100.221,74.125.24.102,UDP,810,10.298402,10.291967,0.006435,10.285532,10.279097
689,10.298402,13.250.177.223,192.168.100.221,TCP,56,10.308492,10.298402,0.01009,10.288312,10.278222
690,10.308492,192.168.100.221,13.250.177.223,TLSv1.3,118,10.31055,10.308492,0.002058,10.306434,10.304376
691,10.31055,192.168.100.221,13.250.177.223,TLSv1.3,1353,10.324824,10.31055,0.014274,10.296276,10.282002
692,10.324824,74.125.24.102,192.168.100.221,UDP,530,10.324825,10.324824,1E-06,10.324823,10.324822
693,10.324825,74.125.24.102,192.168.100.221,UDP,67,10.326922,10.324825,0.002097,10.322728,10.320631
694,10.326922,192.168.100.221,74.125.24.102,UDP,75,10.336894,10.326922,0.009972,10.31695,10.306978
695,10.336894,13.250.177.223,192.168.100.221,TLSv1.3,133,10.336894,10.336894,0,10.336894,10.336894
696,10.336894,13.250.177.223,192.168.100.221,TLSv1.3,133,10.337154,10.336894,0.00026,10.336634,10.336374
697,10.337154,192.168.100.221,13.250.177.223,TCP,54,10.341693,10.337154,0.004539,10.332615,10.328076
698,10.341693,192.168.100.221,192.168.100.1,DNS,83,10.378144,10.341693,0.036451,10.305242,10.268791
699,10.378144,192.168.100.221,192.168.100.1,DNS,83,10.380533,10.378144,0.002389,10.375755,10.373366
700,10.380533,13.250.177.223,192.168.100.221,TCP,56,10.398551,10.380533,0.018018,10.362515,10.344497
701,10.398551,192.168.100.221,13.250.168.23,TCP,66,10.407167,10.398551,0.008616,10.389935,10.381319
702,10.407167,192.168.100.221,185.199.109.154,TLSv1.2,153,10.418238,10.407167,0.011071,10.396096,10.385025
703,10.418238,192.168.100.1,192.168.100.221,DNS,319,10.42249,10.418238,0.004252,10.413986,10.409734
704,10.42249,192.168.100.221,52.206.77.241,TCP,66,10.43144,10.42249,0.00895,10.41354,10.40459
705,10.43144,13.250.168.23,192.168.100.221,TCP,66,10.431641,10.43144,0.000201,10.431239,10.431038
706,10.431641,192.168.100.221,13.250.168.23,TCP,54,10.432687,10.431641,0.001046,10.430595,10.429549
707,10.432687,192.168.100.221,13.250.168.23,TLSv1.3,571,10.438528,10.432687,0.005841,10.426846,10.421005
708,10.438528,185.199.109.154,192.168.100.221,TCP,56,10.438528,10.438528,0,10.438528,10.438528
709,10.438528,185.199.109.154,192.168.100.221,TLSv1.2,120,10.467404,10.438528,0.028876,10.409652,10.380776
710,10.467404,13.250.168.23,192.168.100.221,TLSv1.3,1466,10.467405,10.467404,1E-06,10.467403,10.467402
711,10.467405,13.250.168.23,192.168.100.221,TCP,1466,10.467406,10.467405,1E-06,10.467404,10.467403
712,10.467406,13.250.168.23,192.168.100.221,TLSv1.3,751,10.467614,10.467406,0.000208,10.467198,10.46699
713,10.467614,192.168.100.221,13.250.168.23,TCP,54,10.479778,10.467614,0.012164,10.45545,10.443286
714,10.479778,192.168.100.221,185.199.109.154,TCP,54,10.491501,10.479778,0.011723,10.468055,10.456332
715,10.491501,192.168.100.221,13.250.168.23,TLSv1.3,118,10.493819,10.491501,0.002318,10.489183,10.486865
716,10.493819,192.168.100.221,13.250.168.23,TLSv1.3,868,10.494732,10.493819,0.000913,10.492906,10.491993
717,10.494732,192.168.100.221,13.250.168.23,TCP,1466,10.494733,10.494732,1E-06,10.494731,10.49473
718,10.494733,192.168.100.221,13.250.168.23,TCP,1466,10.494734,10.494733,1E-06,10.494732,10.494731
719,10.494734,192.168.100.221,13.250.168.23,TCP,1466,10.494736,10.494734,2E-06,10.494732,10.49473
720,10.494736,192.168.100.221,13.250.168.23,TCP,1466,10.494737,10.494736,1E-06,10.494735,10.494734
721,10.494737,192.168.100.221,13.250.168.23,TCP,1466,10.494737,10.494737,0,10.494737,10.494737
722,10.494737,192.168.100.221,13.250.168.23,TCP,1466,10.494738,10.494737,1E-06,10.494736,10.494735
723,10.494738,192.168.100.221,13.250.168.23,TLSv1.3,962,10.521878,10.494738,0.02714,10.467598,10.440458
724,10.521878,192.168.100.221,185.199.109.154,TLSv1.2,509,10.522679,10.521878,0.000801,10.521077,10.520276
725,10.522679,192.168.100.221,185.199.109.154,TLSv1.2,92,10.523708,10.522679,0.001029,10.52165,10.520621
726,10.523708,13.250.168.23,192.168.100.221,TLSv1.3,133,10.523709,10.523708,1E-06,10.523707,10.523706
727,10.523709,13.250.168.23,192.168.100.221,TLSv1.3,133,10.523885,10.523709,0.000176,10.523533,10.523357
728,10.523885,192.168.100.221,13.250.168.23,TCP,54,10.526227,10.523885,0.002342,10.521543,10.519201
729,10.526227,13.250.168.23,192.168.100.221,TCP,56,10.529397,10.526227,0.00317,10.523057,10.519887
730,10.529397,13.250.168.23,192.168.100.221,TCP,56,10.529397,10.529397,0,10.529397,10.529397
731,10.529397,13.250.168.23,192.168.100.221,TCP,56,10.529398,10.529397,1E-06,10.529396,10.529395
732,10.529398,13.250.168.23,192.168.100.221,TCP,56,10.529398,10.529398,0,10.529398,10.529398
733,10.529398,13.250.168.23,192.168.100.221,TCP,56,10.529398,10.529398,0,10.529398,10.529398
734,10.529398,13.250.168.23,192.168.100.221,TCP,56,10.529398,10.529398,0,10.529398,10.529398
735,10.529398,13.250.168.23,192.168.100.221,TCP,56,10.529399,10.529398,1E-06,10.529397,10.529396
736,10.529399,13.250.168.23,192.168.100.221,TCP,56,10.568533,10.529399,0.039134,10.490265,10.451131
737,10.568533,185.199.109.154,192.168.100.221,TCP,56,10.569937,10.568533,0.001404,10.567129,10.565725
738,10.569937,185.199.109.154,192.168.100.221,TLSv1.2,1334,10.574585,10.569937,0.004648,10.565289,10.560641
739,10.574585,13.250.177.223,192.168.100.221,TLSv1.3,1446,10.574586,10.574585,1E-06,10.574584,10.574583
740,10.574586,13.250.177.223,192.168.100.221,TLSv1.3,1092,10.574841,10.574586,0.000255,10.574331,10.574076
741,10.574841,192.168.100.221,13.250.177.223,TCP,54,10.592316,10.574841,0.017475,10.557366,10.539891
742,10.592316,192.168.100.221,52.206.77.241,TCP,66,10.615912,10.592316,0.023596,10.56872,10.545124
743,10.615912,192.168.100.221,185.199.109.154,TCP,54,10.616194,10.615912,0.000282,10.61563,10.615348
744,10.616194,13.250.177.223,192.168.100.221,TLSv1.3,1446,10.616195,10.616194,1E-06,10.616193,10.616192
745,10.616195,13.250.177.223,192.168.100.221,TLSv1.3,1081,10.6164,10.616195,0.000205,10.61599,10.615785
746,10.6164,192.168.100.221,13.250.177.223,TCP,54,10.618895,10.6164,0.002495,10.613905,10.61141
747,10.618895,13.250.177.223,192.168.100.221,TLSv1.3,107,10.663894,10.618895,0.044999,10.573896,10.528897
748,10.663894,192.168.100.221,13.250.177.223,TCP,54,10.682856,10.663894,0.018962,10.644932,10.62597
749,10.682856,52.206.77.241,192.168.100.221,TCP,66,10.683077,10.682856,0.000221,10.682635,10.682414
750,10.683077,192.168.100.221,52.206.77.241,TCP,54,10.684051,10.683077,0.000974,10.682103,10.681129
751,10.684051,192.168.100.221,52.206.77.241,TLSv1.2,571,10.686634,10.684051,0.002583,10.681468,10.678885
752,10.686634,13.250.177.223,192.168.100.221,TLSv1.3,1446,10.686637,10.686634,3E-06,10.686631,10.686628
753,10.686637,13.250.177.223,192.168.100.221,TLSv1.3,1130,10.686863,10.686637,0.000226,10.686411,10.686185
754,10.686863,192.168.100.221,13.250.177.223,TCP,54,10.79256,10.686863,0.105697,10.581166,10.475469
755,10.79256,13.250.168.23,192.168.100.221,TLSv1.3,1086,10.827231,10.79256,0.034671,10.757889,10.723218
756,10.827231,192.168.100.221,151.101.8.133,TLSv1.2,806,10.834221,10.827231,0.00699,10.820241,10.813251
757,10.834221,192.168.100.221,13.250.168.23,TCP,54,10.838281,10.834221,0.00406,10.830161,10.826101
758,10.838281,192.168.100.221,13.250.177.223,TLSv1.3,1356,10.852736,10.838281,0.014455,10.823826,10.809371
759,10.852736,52.206.77.241,192.168.100.221,TCP,66,10.852898,10.852736,0.000162,10.852574,10.852412
760,10.852898,192.168.100.221,52.206.77.241,TCP,54,10.860274,10.852898,0.007376,10.845522,10.838146
761,10.860274,151.101.8.133,192.168.100.221,TLSv1.2,562,10.866745,10.860274,0.006471,10.853803,10.847332
762,10.866745,13.250.177.223,192.168.100.221,TCP,56,10.873628,10.866745,0.006883,10.859862,10.852979
763,10.873628,192.168.100.221,52.206.77.241,TLSv1.2,571,10.905307,10.873628,0.031679,10.841949,10.81027
764,10.905307,192.168.100.221,151.101.8.133,TCP,54,10.944549,10.905307,0.039242,10.866065,10.826823
765,10.944549,52.206.77.241,192.168.100.221,TCP,54,10.947676,10.944549,0.003127,10.941422,10.938295
766,10.947676,52.206.77.241,192.168.100.221,TLSv1.2,1466,10.947676,10.947676,0,10.947676,10.947676
767,10.947676,52.206.77.241,192.168.100.221,TCP,1466,10.947679,10.947676,3E-06,10.947673,10.94767
768,10.947679,52.206.77.241,192.168.100.221,TLSv1.2,659,10.947863,10.947679,0.000184,10.947495,10.947311
769,10.947863,192.168.100.221,52.206.77.241,TCP,54,10.994617,10.947863,0.046754,10.901109,10.854355
770,10.994617,192.168.100.221,74.125.200.136,UDP,422,10.996528,10.994617,0.001911,10.992706,10.990795
771,10.996528,192.168.100.221,52.206.77.241,TLSv1.2,180,11.003237,10.996528,0.006709,10.989819,10.98311
772,11.003237,192.168.100.221,185.199.109.154,TLSv1.2,127,11.034967,11.003237,0.03173,10.971507,10.939777
773,11.034967,185.199.109.154,192.168.100.221,TLSv1.2,1232,11.039014,11.034967,0.004047,11.03092,11.026873
774,11.039014,74.125.200.136,192.168.100.221,UDP,68,11.056542,11.039014,0.017528,11.021486,11.003958
775,11.056542,74.125.200.136,192.168.100.221,UDP,940,11.056543,11.056542,1E-06,11.056541,11.05654
776,11.056543,74.125.200.136,192.168.100.221,UDP,69,11.056543,11.056543,0,11.056543,11.056543
777,11.056543,74.125.200.136,192.168.100.221,UDP,146,11.074746,11.056543,0.018203,11.03834,11.020137
778,11.074746,192.168.100.221,185.199.109.154,TCP,54,11.075026,11.074746,0.00028,11.074466,11.074186
779,11.075026,192.168.100.221,74.125.200.136,UDP,75,11.13399,11.075026,0.058964,11.016062,10.957098
780,11.13399,52.206.77.241,192.168.100.221,TCP,54,11.136809,11.13399,0.002819,11.131171,11.128352
781,11.136809,52.206.77.241,192.168.100.221,TLSv1.2,1466,11.136811,11.136809,2E-06,11.136807,11.136805
782,11.136811,52.206.77.241,192.168.100.221,TCP,1466,11.136812,11.136811,1E-06,11.13681,11.136809
783,11.136812,52.206.77.241,192.168.100.221,TLSv1.2,659,11.136993,11.136812,0.000181,11.136631,11.13645
784,11.136993,192.168.100.221,52.206.77.241,TCP,54,11.159008,11.136993,0.022015,11.114978,11.092963
785,11.159008,192.168.100.221,52.206.77.241,TLSv1.2,180,11.200194,11.159008,0.041186,11.117822,11.076636
786,11.200194,13.250.177.223,192.168.100.221,TLSv1.3,1446,11.200195,11.200194,1E-06,11.200193,11.200192
787,11.200195,13.250.177.223,192.168.100.221,TLSv1.3,1068,11.200195,11.200195,0,11.200195,11.200195
788,11.200195,13.250.177.223,192.168.100.221,TLSv1.3,107,11.200359,11.200195,0.000164,11.200031,11.199867
789,11.200359,192.168.100.221,13.250.177.223,TCP,54,11.256418,11.200359,0.056059,11.1443,11.088241
790,11.256418,52.206.77.241,192.168.100.221,TLSv1.2,105,11.286636,11.256418,0.030218,11.2262,11.195982
791,11.286636,192.168.100.221,52.206.77.241,TCP,1466,11.286638,11.286636,2E-06,11.286634,11.286632
792,11.286638,192.168.100.221,52.206.77.241,TLSv1.2,781,11.419356,11.286638,0.132718,11.15392,11.021202
793,11.419356,52.206.77.241,192.168.100.221,TLSv1.2,105,11.459348,11.419356,0.039992,11.379364,11.339372
794,11.459348,192.168.100.221,52.206.77.241,TCP,54,11.547084,11.459348,0.087736,11.371612,11.283876
795,11.547084,52.206.77.241,192.168.100.221,TCP,56,11.55498,11.547084,0.007896,11.539188,11.531292
796,11.55498,52.206.77.241,192.168.100.221,TLSv1.2,739,11.595508,11.55498,0.040528,11.514452,11.473924
797,11.595508,192.168.100.221,52.206.77.241,TCP,54,11.924397,11.595508,0.328889,11.266619,10.93773
798,11.924397,192.168.100.221,13.250.168.23,TCP,54,11.924579,11.924397,0.000182,11.924215,11.924033
799,11.924579,192.168.100.221,151.101.8.133,TCP,54,11.924596,11.924579,1.7E-05,11.924562,11.924545
800,11.924596,192.168.100.221,151.101.8.133,TCP,54,11.924786,11.924596,0.00019,11.924406,11.924216
801,11.924786,192.168.100.221,52.206.77.241,TCP,54,11.9249,11.924786,0.000114,11.924672,11.924558
802,11.9249,192.168.100.221,13.250.177.223,TCP,54,11.924968,11.9249,6.8E-05,11.924832,11.924764
803,11.924968,192.168.100.221,13.250.177.223,TCP,54,11.925064,11.924968,9.6E-05,11.924872,11.924776
804,11.925064,192.168.100.221,13.250.177.223,TCP,54,11.925109,11.925064,4.5E-05,11.925019,11.924974
805,11.925109,192.168.100.221,185.199.109.154,TCP,54,11.925154,11.925109,4.5E-05,11.925064,11.925019
806,11.925154,192.168.100.221,185.199.109.154,TCP,54,11.925265,11.925154,0.000111,11.925043,11.924932
807,11.925265,192.168.100.221,74.125.200.94,TCP,54,11.953904,11.925265,0.028639,11.896626,11.867987
808,11.953904,13.250.177.223,192.168.100.221,TLSv1.3,78,11.953904,11.953904,0,11.953904,11.953904
809,11.953904,13.250.177.223,192.168.100.221,TCP,54,11.954298,11.953904,0.000394,11.95351,11.953116
810,11.954298,192.168.100.221,13.250.177.223,TCP,54,11.957033,11.954298,0.002735,11.951563,11.948828
811,11.957033,151.101.8.133,192.168.100.221,TLSv1.2,85,11.957034,11.957033,1E-06,11.957032,11.957031
812,11.957034,151.101.8.133,192.168.100.221,TCP,54,11.957034,11.957034,0,11.957034,11.957034
813,11.957034,151.101.8.133,192.168.100.221,TLSv1.2,85,11.957034,11.957034,0,11.957034,11.957034
814,11.957034,151.101.8.133,192.168.100.221,TCP,54,11.957035,11.957034,1E-06,11.957033,11.957032
815,11.957035,185.199.109.154,192.168.100.221,TLSv1.2,85,11.957035,11.957035,0,11.957035,11.957035
816,11.957035,185.199.109.154,192.168.100.221,TCP,54,11.957035,11.957035,0,11.957035,11.957035
817,11.957035,13.250.177.223,192.168.100.221,TLSv1.3,78,11.957035,11.957035,0,11.957035,11.957035
818,11.957035,13.250.177.223,192.168.100.221,TCP,54,11.957036,11.957035,1E-06,11.957034,11.957033
819,11.957036,13.250.168.23,192.168.100.221,TLSv1.3,78,11.957036,11.957036,0,11.957036,11.957036
820,11.957036,13.250.168.23,192.168.100.221,TCP,54,11.957036,11.957036,0,11.957036,11.957036
821,11.957036,74.125.200.94,192.168.100.221,TCP,54,11.957594,11.957036,0.000558,11.956478,11.95592
822,11.957594,192.168.100.221,185.199.109.154,TCP,54,11.957595,11.957594,1E-06,11.957593,11.957592
823,11.957595,192.168.100.221,151.101.8.133,TCP,54,11.95764,11.957595,4.5E-05,11.95755,11.957505
824,11.95764,192.168.100.221,151.101.8.133,TCP,54,11.957796,11.95764,0.000156,11.957484,11.957328
825,11.957796,192.168.100.221,13.250.177.223,TCP,54,11.957813,11.957796,1.7E-05,11.957779,11.957762
826,11.957813,192.168.100.221,74.125.200.94,TCP,54,11.957913,11.957813,1E-04,11.957713,11.957613
827,11.957913,192.168.100.221,13.250.168.23,TCP,54,11.961558,11.957913,0.003645,11.954268,11.950623
828,11.961558,13.250.177.223,192.168.100.221,TLSv1.3,78,11.961559,11.961558,1E-06,11.961557,11.961556
829,11.961559,13.250.177.223,192.168.100.221,TCP,54,11.961559,11.961559,0,11.961559,11.961559
830,11.961559,185.199.109.154,192.168.100.221,TLSv1.2,85,11.96156,11.961559,1E-06,11.961558,11.961557
831,11.96156,185.199.109.154,192.168.100.221,TCP,54,11.961949,11.96156,0.000389,11.961171,11.960782
832,11.961949,192.168.100.221,185.199.109.154,TCP,54,11.96195,11.961949,1E-06,11.961948,11.961947
833,11.96195,192.168.100.221,13.250.177.223,TCP,54,12.185019,11.96195,0.223069,11.738881,11.515812
834,12.185019,52.206.77.241,192.168.100.221,TLSv1.2,85,12.18502,12.185019,1E-06,12.185018,12.185017
835,12.18502,52.206.77.241,192.168.100.221,TCP,54,12.185578,12.18502,0.000558,12.184462,12.183904
836,12.185578,192.168.100.221,52.206.77.241,TCP,54,12.19203,12.185578,0.006452,12.179126,12.172674
837,12.19203,Azurewav_7f:59:27,Broadcast,ARP,42,12.193326,12.19203,0.001296,12.190734,12.189438
838,12.193326,HuaweiTe_d5:d9:24,Azurewav_7f:59:27,ARP,42,13.056691,12.193326,0.863365,11.329961,10.466596
839,13.056691,192.168.100.221,140.82.114.25,TCP,55,13.328356,13.056691,0.271665,12.785026,12.513361
840,13.328356,140.82.114.25,192.168.100.221,TCP,66,15.302243,13.328356,1.973887,11.354469,9.380582
841,15.302243,192.168.100.221,74.125.68.94,UDP,75,15.364367,15.302243,0.062124,15.240119,15.177995
842,15.364367,74.125.68.94,192.168.100.221,UDP,67,16.342197,15.364367,0.97783,14.386537,13.408707
843,16.342197,192.168.100.221,52.206.77.241,TCP,54,16.603003,16.342197,0.260806,16.081391,15.820585
844,16.603003,52.206.77.241,192.168.100.221,TLSv1.2,85,16.603003,16.603003,0,16.603003,16.603003
845,16.603003,52.206.77.241,192.168.100.221,TCP,54,16.603382,16.603003,0.000379,16.602624,16.602245
846,16.603382,192.168.100.221,52.206.77.241,TCP,54,17.828364,16.603382,1.224982,15.3784,14.153418
847,17.828364,192.168.100.221,74.125.200.136,UDP,1392,17.828949,17.828364,0.000585,17.827779,17.827194
848,17.828949,192.168.100.221,74.125.200.136,UDP,1392,17.865186,17.828949,0.036237,17.792712,17.756475
849,17.865186,192.168.100.221,74.125.200.136,UDP,1392,17.865452,17.865186,0.000266,17.86492,17.864654
850,17.865452,192.168.100.221,74.125.200.136,UDP,1392,17.865782,17.865452,0.00033,17.865122,17.864792
851,17.865782,192.168.100.221,74.125.200.136,UDP,1392,17.866121,17.865782,0.000339,17.865443,17.865104
852,17.866121,192.168.100.221,74.125.200.136,UDP,1392,17.866286,17.866121,0.000165,17.865956,17.865791
853,17.866286,192.168.100.221,74.125.200.136,UDP,1392,17.866503,17.866286,0.000217,17.866069,17.865852
854,17.866503,192.168.100.221,74.125.200.136,UDP,1392,17.86669,17.866503,0.000187,17.866316,17.866129
855,17.86669,192.168.100.221,74.125.200.136,UDP,1392,17.866854,17.86669,0.000164,17.866526,17.866362
856,17.866854,192.168.100.221,74.125.200.136,UDP,1392,17.866985,17.866854,0.000131,17.866723,17.866592
857,17.866985,192.168.100.221,74.125.200.136,UDP,1392,17.867107,17.866985,0.000122,17.866863,17.866741
858,17.867107,192.168.100.221,74.125.200.136,UDP,1392,17.867245,17.867107,0.000138,17.866969,17.866831
859,17.867245,192.168.100.221,74.125.200.136,UDP,1392,17.867732,17.867245,0.000487,17.866758,17.866271
860,17.867732,192.168.100.221,74.125.200.136,UDP,1392,17.867951,17.867732,0.000219,17.867513,17.867294
861,17.867951,192.168.100.221,74.125.200.136,UDP,1392,17.868262,17.867951,0.000311,17.86764,17.867329
862,17.868262,192.168.100.221,74.125.200.136,UDP,1392,17.868687,17.868262,0.000425,17.867837,17.867412
863,17.868687,192.168.100.221,74.125.200.136,UDP,1392,17.868937,17.868687,0.00025,17.868437,17.868187
864,17.868937,192.168.100.221,74.125.200.136,UDP,1392,17.869091,17.868937,0.000154,17.868783,17.868629
865,17.869091,192.168.100.221,74.125.200.136,UDP,1392,17.869247,17.869091,0.000156,17.868935,17.868779
866,17.869247,192.168.100.221,74.125.200.136,UDP,1392,17.869353,17.869247,0.000106,17.869141,17.869035
867,17.869353,192.168.100.221,74.125.200.136,UDP,1392,17.869483,17.869353,0.00013,17.869223,17.869093
868,17.869483,192.168.100.221,74.125.200.136,UDP,774,17.873439,17.869483,0.003956,17.865527,17.861571
869,17.873439,74.125.200.136,192.168.100.221,UDP,68,17.903267,17.873439,0.029828,17.843611,17.813783
870,17.903267,74.125.200.136,192.168.100.221,UDP,68,17.906824,17.903267,0.003557,17.89971,17.896153
871,17.906824,74.125.200.136,192.168.100.221,UDP,68,17.916434,17.906824,0.00961,17.897214,17.887604
872,17.916434,74.125.200.136,192.168.100.221,UDP,644,17.916434,17.916434,0,17.916434,17.916434
873,17.916434,74.125.200.136,192.168.100.221,UDP,320,17.930793,17.916434,0.014359,17.902075,17.887716
874,17.930793,192.168.100.221,74.125.200.136,UDP,75,18.286114,17.930793,0.355321,17.575472,17.220151
875,18.286114,192.168.100.221,172.217.194.156,UDP,75,18.34236,18.286114,0.056246,,
876,18.34236,172.217.194.156,192.168.100.221,UDP,67,,,,,
,,,,,,,,,,
,,,,,,,Total Delay,18.34236,Total Jitler,6037.208082
,,,,,,,Rata-rata,0.020962697,Rata-rata,0.680248798
